-- phpMyAdmin SQL Dump
-- version 4.9.7
-- https://www.phpmyadmin.net/
--
-- Host: localhost:3306
-- Generation Time: Sep 27, 2021 at 04:48 PM
-- Server version: 5.7.35-cll-lve
-- PHP Version: 7.3.30

SET SQL_MODE = "NO_AUTO_VALUE_ON_ZERO";
SET AUTOCOMMIT = 0;
START TRANSACTION;
SET time_zone = "+00:00";


/*!40101 SET @OLD_CHARACTER_SET_CLIENT=@@CHARACTER_SET_CLIENT */;
/*!40101 SET @OLD_CHARACTER_SET_RESULTS=@@CHARACTER_SET_RESULTS */;
/*!40101 SET @OLD_COLLATION_CONNECTION=@@COLLATION_CONNECTION */;
/*!40101 SET NAMES utf8mb4 */;

--
-- Database: `jovinkam_mkude`
--

-- --------------------------------------------------------

--
-- Table structure for table `activities`
--

CREATE TABLE `activities` (
  `act_id` int(11) UNSIGNED NOT NULL,
  `act_week` int(11) UNSIGNED NOT NULL,
  `act_month` int(11) UNSIGNED NOT NULL,
  `act_desc` varchar(100) NOT NULL,
  `act_requirement` varchar(255) DEFAULT NULL
) ENGINE=MyISAM DEFAULT CHARSET=utf8;

--
-- Dumping data for table `activities`
--

INSERT INTO `activities` (`act_id`, `act_week`, `act_month`, `act_desc`, `act_requirement`) VALUES
(3, 3, 1, 'Palizi', '3_5'),
(4, 1, 2, 'Lishia mbolea', '3_2_4'),
(5, 2, 1, 'Panda mbegu', '3_4_2'),
(6, 4, 1, 'apply fertilizer', '4'),
(7, 2, 1, 'Prepare Land', '3_4_5');

-- --------------------------------------------------------

--
-- Table structure for table `classifiers`
--

CREATE TABLE `classifiers` (
  `c_id` int(11) UNSIGNED NOT NULL,
  `c_min` int(11) NOT NULL,
  `c_max` int(11) NOT NULL,
  `c_desc` varchar(100) NOT NULL,
  `c_img` varchar(100) NOT NULL
) ENGINE=MyISAM DEFAULT CHARSET=utf8;

--
-- Dumping data for table `classifiers`
--

INSERT INTO `classifiers` (`c_id`, `c_min`, `c_max`, `c_desc`, `c_img`) VALUES
(1, 0, 10, 'Sunny', 'sunny.gif'),
(2, 11, 50, 'Cloudy', 'cloudy.gif'),
(3, 51, 100, 'Light-Rain', 'light_rain.gif'),
(4, 101, 500, 'Moderate-Rain', 'moderate_rain.gif'),
(5, 501, 1000, 'Heavy-Rain', 'heavy_rain.gif');

-- --------------------------------------------------------

--
-- Table structure for table `districts`
--

CREATE TABLE `districts` (
  `district_id` int(11) UNSIGNED NOT NULL,
  `district_name` varchar(255) NOT NULL,
  `district_slug` varchar(255) NOT NULL,
  `district_region` int(11) UNSIGNED NOT NULL
) ENGINE=MyISAM DEFAULT CHARSET=utf8;

--
-- Dumping data for table `districts`
--

INSERT INTO `districts` (`district_id`, `district_name`, `district_slug`, `district_region`) VALUES
(1, 'Iramba', 'iramba', 1),
(2, 'Manyoni', 'manyoni', 1),
(3, 'Singida Vijijini', 'singida-vj', 1),
(4, 'Singida Mjini', 'singida-mj', 1),
(5, 'Ikungi', 'ikungi', 1),
(6, 'Mkalama', 'mkalama', 1);

-- --------------------------------------------------------

--
-- Table structure for table `migrations`
--

CREATE TABLE `migrations` (
  `id` bigint(20) UNSIGNED NOT NULL,
  `version` varchar(255) NOT NULL,
  `class` varchar(255) NOT NULL,
  `group` varchar(255) NOT NULL,
  `namespace` varchar(255) NOT NULL,
  `time` int(11) NOT NULL,
  `batch` int(11) UNSIGNED NOT NULL
) ENGINE=MyISAM DEFAULT CHARSET=utf8;

--
-- Dumping data for table `migrations`
--

INSERT INTO `migrations` (`id`, `version`, `class`, `group`, `namespace`, `time`, `batch`) VALUES
(1, '2021-03-24-192341', 'App\\Database\\Migrations\\Userroles', 'default', 'App', 1624309798, 1),
(2, '2021-03-27-163539', 'App\\Database\\Migrations\\Regions', 'default', 'App', 1624309798, 1),
(3, '2021-03-27-164344', 'App\\Database\\Migrations\\Districts', 'default', 'App', 1624309798, 1),
(4, '2021-03-27-165723', 'App\\Database\\Migrations\\Wards', 'default', 'App', 1624309798, 1),
(5, '2021-03-27-182415', 'App\\Database\\Migrations\\Users', 'default', 'App', 1624309799, 1),
(6, '2021-05-04-115245', 'App\\Database\\Migrations\\AddWeek', 'default', 'App', 1624309799, 1),
(7, '2021-05-04-120240', 'App\\Database\\Migrations\\AddMonth', 'default', 'App', 1624309799, 1),
(8, '2021-05-04-121526', 'App\\Database\\Migrations\\AddWeeklyintensities', 'default', 'App', 1624309799, 1),
(9, '2021-06-04-202029', 'App\\Database\\Migrations\\AddActivity', 'default', 'App', 1624309799, 1),
(10, '2021-06-17-103609', 'App\\Database\\Migrations\\AddClassifier', 'default', 'App', 1624309799, 1);

-- --------------------------------------------------------

--
-- Table structure for table `months`
--

CREATE TABLE `months` (
  `month_id` int(11) UNSIGNED NOT NULL,
  `month_int` int(11) UNSIGNED NOT NULL,
  `month_name` varchar(20) NOT NULL
) ENGINE=MyISAM DEFAULT CHARSET=utf8;

--
-- Dumping data for table `months`
--

INSERT INTO `months` (`month_id`, `month_int`, `month_name`) VALUES
(1, 9, 'Sept'),
(2, 10, 'Oct'),
(3, 11, 'Nov'),
(4, 12, 'Dec'),
(5, 1, 'Jan'),
(6, 2, 'Feb'),
(7, 3, 'Mar'),
(8, 4, 'Apr'),
(9, 5, 'May'),
(10, 6, 'June'),
(11, 7, 'July'),
(12, 8, 'Aug');

-- --------------------------------------------------------

--
-- Table structure for table `regions`
--

CREATE TABLE `regions` (
  `region_id` int(11) UNSIGNED NOT NULL,
  `region_name` varchar(255) NOT NULL,
  `region_slug` varchar(255) NOT NULL
) ENGINE=MyISAM DEFAULT CHARSET=utf8;

--
-- Dumping data for table `regions`
--

INSERT INTO `regions` (`region_id`, `region_name`, `region_slug`) VALUES
(1, 'Singida', 'singida');

-- --------------------------------------------------------

--
-- Table structure for table `users`
--

CREATE TABLE `users` (
  `user_id` int(11) UNSIGNED NOT NULL,
  `first_name` varchar(255) NOT NULL,
  `last_name` varchar(255) NOT NULL,
  `email` varchar(255) DEFAULT NULL,
  `phone` varchar(255) DEFAULT NULL,
  `username` varchar(100) NOT NULL,
  `password` varchar(255) NOT NULL,
  `role_id` int(11) UNSIGNED NOT NULL,
  `ward` int(11) UNSIGNED DEFAULT NULL,
  `created_by` int(11) DEFAULT NULL,
  `created_at` datetime DEFAULT CURRENT_TIMESTAMP
) ENGINE=MyISAM DEFAULT CHARSET=utf8;

--
-- Dumping data for table `users`
--

INSERT INTO `users` (`user_id`, `first_name`, `last_name`, `email`, `phone`, `username`, `password`, `role_id`, `ward`, `created_by`, `created_at`) VALUES
(1, 'Basilei', 'Mkude', 'basilei.mkude@gmail.com', '+255713678534', 'basilei', '$2y$10$ri8ZmBsvFJs1EAz.YCMXlOZyq1o8mnRw8mmT2HiSYl6dr8N.rJ2gu', 1, NULL, NULL, '2021-06-22 00:10:17'),
(2, 'Colby', 'Gleason', 'romaguera.modesta@reilly.org', '+2245144474541', 'ansel.kirlin764', '$2y$10$.E38rvpu4xnO9tR5jbJefuDj9vc5/zCVP.PFpHOuJxwMhGnnS9.kW', 3, 5, NULL, '2021-06-22 00:10:17'),
(3, 'Ivy', 'Hickle', 'pete.feest@hotmail.com', '+2802920773584', 'lbaumbach582', '$2y$10$xv1.w/LIH/btbbcfk3LwVu.m5SIO63UUl6.gvDj.D2/Vm8bCf0Z4u', 3, 15, NULL, '2021-06-22 00:10:17'),
(4, 'Reagan', 'Larson', 'justyn.ritchie@goyette.org', '+7044486319455', 'nicola.weissnat103', '$2y$10$/nzBIOhk4YyKkTN.4IEvDeNfi9NH3.uS0U6KB/C4RKV84fjteedn6', 3, 10, NULL, '2021-06-22 00:10:17'),
(6, 'John', 'Dhoe', 'johndhoe@xyz.com', '0655929002', 'johndhoe', '$2y$10$eCBORdlNLLfpym8YCMW7uelavjKv9Ve4GcL/FdePoxz4PoXJKpHie', 2, 22, 1, '2021-09-26 14:50:49'),
(7, 'Pili', 'Shashi', 'pjsulle@gmail.com', '0759723274', 'mtendaji', '$2y$10$0aZB78JMJZwxrJlmo9eK8.dX95DOtWj8F9NZ7QYbvIuFu5Xts1Eui', 2, 67, 1, '2021-09-27 15:44:12');

-- --------------------------------------------------------

--
-- Table structure for table `user_roles`
--

CREATE TABLE `user_roles` (
  `role_id` int(11) UNSIGNED NOT NULL,
  `role` varchar(255) NOT NULL,
  `role_description` text,
  `created_at` datetime DEFAULT CURRENT_TIMESTAMP
) ENGINE=MyISAM DEFAULT CHARSET=utf8;

--
-- Dumping data for table `user_roles`
--

INSERT INTO `user_roles` (`role_id`, `role`, `role_description`, `created_at`) VALUES
(1, 'super', 'This is a top level system administrator.', '2021-06-22 00:10:17'),
(2, 'normal', 'This is a normal system administrator, usually an agricultural extension officer.', '2021-06-22 00:10:17'),
(3, 'farmer', NULL, '2021-06-22 00:10:17');

-- --------------------------------------------------------

--
-- Table structure for table `viswaswadu`
--

CREATE TABLE `viswaswadu` (
  `v_id` int(10) UNSIGNED NOT NULL,
  `v_phone` int(9) UNSIGNED NOT NULL,
  `v_ward` int(10) UNSIGNED NOT NULL
) ENGINE=MyISAM DEFAULT CHARSET=utf8 COLLATE=utf8_unicode_ci;

--
-- Dumping data for table `viswaswadu`
--

INSERT INTO `viswaswadu` (`v_id`, `v_phone`, `v_ward`) VALUES
(1, 744829002, 3),
(18, 784727735, 4),
(14, 713285519, 10),
(16, 759723274, 67),
(17, 754664869, 4);

-- --------------------------------------------------------

--
-- Table structure for table `wards`
--

CREATE TABLE `wards` (
  `ward_id` int(11) UNSIGNED NOT NULL,
  `ward_name` varchar(255) NOT NULL,
  `ward_slug` varchar(255) NOT NULL,
  `ward_district` int(11) UNSIGNED NOT NULL,
  `ward_longtude` varchar(50) DEFAULT NULL,
  `ward_latitude` varchar(50) DEFAULT NULL
) ENGINE=MyISAM DEFAULT CHARSET=utf8;

--
-- Dumping data for table `wards`
--

INSERT INTO `wards` (`ward_id`, `ward_name`, `ward_slug`, `ward_district`, `ward_longtude`, `ward_latitude`) VALUES
(1, 'Kaselya', 'kaselya', 1, '-6.8986', '36.564'),
(2, 'Kidaru', 'kidaru', 1, '-6.8986', '36.564'),
(3, 'Kinampanda ', 'kinampanda ', 1, '-6.8986', '36.564'),
(4, 'Kiomboi', 'kiomboi', 1, '-6.8986', '36.564'),
(5, 'Kisiriri ', 'kisiriri ', 1, '-6.8986', '36.564'),
(6, 'Kyengege', 'kyengege', 1, '-6.8986', '36.564'),
(7, 'Maluga', 'maluga', 1, '-6.8986', '36.564'),
(8, 'Mbelekese', 'mbelekese', 1, '-6.8986', '36.564'),
(9, 'Mgongo', 'mgongo', 1, '-6.8986', '36.564'),
(10, 'Mtekente', 'mtekente', 1, '-6.8986', '36.564'),
(11, 'Mtoa', 'mtoa', 1, '-6.8986', '36.564'),
(12, 'Mukulu', 'mukulu', 1, '-6.8986', '36.564'),
(13, 'Ndago', 'ndago', 1, '-6.8986', '36.564'),
(14, 'Ndulungu', 'ndulungu', 1, '-6.8986', '36.564'),
(15, 'Ntwike', 'ntwike', 1, '-6.8986', '36.564'),
(16, 'Old Kiomboi', 'old-kiomboi', 1, '-6.8986', '36.564'),
(17, 'Shelui', 'shelui', 1, '-6.8986', '36.564'),
(18, 'Tulya', 'tulya', 1, '-6.8986', '36.564'),
(19, 'Ulemo', 'ulemo', 1, '-6.8986', '36.564'),
(20, 'Urughu', 'Urughu', 1, '-6.8986', '36.564'),
(21, 'Chikola', 'chikola', 2, '-6.8986', '36.564'),
(22, 'Chikuyu', 'Chikuyu', 2, '-6.8986', '36.564'),
(23, 'Heka ', 'heka ', 2, '-6.8986', '36.564'),
(24, 'Isseke', 'isseke', 2, '-6.8986', '36.564'),
(25, 'Kintinku ', 'kintinku ', 2, '-6.8986', '36.564'),
(26, 'Majiri', 'majiri', 2, '-6.8986', '36.564'),
(27, 'Makanda', 'makanda', 2, '-6.8986', '36.564'),
(28, 'Makuru', 'makuru', 2, '-6.8986', '36.564'),
(29, 'Makutopora', 'makutopora', 2, '-6.8986', '36.564'),
(30, 'Manyoni', 'manyoni', 2, '-6.8986', '36.564'),
(31, 'Maweni', 'maweni', 2, '-6.8986', '36.564'),
(32, 'Mkwewse', 'mkwewse', 2, '-6.8986', '36.564'),
(33, 'Muhalala', 'muhalala', 2, '-6.8986', '36.564'),
(34, 'Nkonko', 'nkonko', 2, '-6.8986', '36.564'),
(35, 'Sanza', 'sanza', 2, '-6.8986', '36.564'),
(36, 'Saranda', 'saranda', 2, '-6.8986', '36.564'),
(37, 'Sasajila', 'sasajila', 2, '-6.8986', '36.564'),
(38, 'Sasilo', 'sasilo', 2, '-6.8986', '36.564'),
(39, 'Solya', 'solya', 2, '-6.8986', '36.564'),
(40, 'Ikhanoda', 'ikhanda', 3, '-6.8986', '36.564'),
(41, 'Ilongero', 'ilongero', 3, '-6.8986', '36.564'),
(42, 'Itaja', 'itaja ', 3, '-6.8986', '36.564'),
(43, 'Kijota', 'kijota', 3, '-6.8986', '36.564'),
(44, 'Kinyagigi ', 'kinyagigi ', 3, '-6.8986', '36.564'),
(45, 'Kinyeto', 'kinyeto', 3, '-6.8986', '36.564'),
(46, 'Maghojoa', 'maghojoa', 3, '-6.8986', '36.564'),
(47, 'Makuro', 'makuro', 3, '-6.8986', '36.564'),
(48, 'Merya ', 'merya', 3, '-6.8986', '36.564'),
(49, 'Mgori', 'mgori', 3, '-6.8986', '36.564'),
(50, 'Mrama', 'mrama', 3, '-6.8986', '36.564'),
(51, 'Msange ', 'msange', 3, '-6.8986', '36.564'),
(52, 'Msisi', 'msisi', 3, '-6.8986', '36.564'),
(53, 'Mtinko', 'mtinko', 3, '-6.8986', '36.564'),
(54, 'Mudida', 'mudida', 3, '-6.8986', '36.564'),
(55, 'Mughamo', 'mughamo', 3, '-6.8986', '36.564'),
(56, 'Mughunga', 'mughunga', 3, '-6.8986', '36.564'),
(57, 'Mwasauya', 'mwasauya', 3, '-6.8986', '36.564'),
(58, 'Ngimu', 'ngimu', 3, '-6.8986', '36.564'),
(59, 'Ntonge', 'ntonge', 3, '-6.8986', '36.564'),
(60, 'Ughandi', 'ughandi', 3, '-6.8986', '36.564'),
(61, 'Ipembe', 'ipembe', 4, '-6.8986', '36.564'),
(62, 'Kindai', 'kindai', 4, '-6.8986', '36.564'),
(63, 'Kisaki', 'kisaki ', 4, '-6.8986', '36.564'),
(64, 'Majengo', 'majengo', 4, '-6.8986', '36.564'),
(65, 'Mandewa ', 'mandewa ', 4, '-6.8986', '36.564'),
(66, 'Minga', 'minga', 4, '-6.8986', '36.564'),
(67, 'Misuna', 'misuna', 4, '-6.8986', '36.564'),
(68, 'Mitunduruni', 'mitunduruni', 4, '-6.8986', '36.564'),
(69, 'Mtamaa', 'mtamaa', 4, '-6.8986', '36.564'),
(70, 'Mtipa', 'mtipa', 4, '-6.8986', '36.564'),
(71, 'Mughanga', 'mughanga', 4, '-6.8986', '36.564'),
(72, 'Mungumaji', 'mungumaji', 4, '-6.8986', '36.564'),
(73, 'Mwankoko', 'mwankoko', 4, '-6.8986', '36.564'),
(74, 'Uhamaka', 'uhamaka', 4, '-6.8986', '36.564'),
(75, 'Unyambwa', 'unyambwa', 4, '-6.8986', '36.564'),
(76, 'Unyamikumbi', 'unyamikumbi', 4, '-6.8986', '36.564'),
(77, 'Unyianga', 'unyiaga', 4, '-6.8986', '36.564'),
(78, 'Utemini', 'utemini', 4, '-6.8986', '36.564'),
(79, 'Dung\'unyi', 'dung\'unyi', 5, '-6.8986', '36.564'),
(80, 'Ighombwe', 'ighombwe', 5, '-6.8986', '36.564'),
(81, 'Iglansoni', 'iglansoni ', 5, '-6.8986', '36.564'),
(82, 'Ihanja', 'ihanja', 5, '-6.8986', '36.564'),
(83, 'Ikungi ', 'ikungi ', 5, '-6.8986', '36.564'),
(84, 'Irisya', 'irisya', 5, '-6.8986', '36.564'),
(85, 'Iseke', 'iseke', 5, '-6.8986', '36.564'),
(86, 'Issuna', 'issuna', 5, '-6.8986', '36.564'),
(87, 'Iyumbu', 'iyumbu', 5, '-6.8986', '36.564'),
(88, 'Kikio', 'kikio', 5, '-6.8986', '36.564'),
(89, 'Kituntu', 'kituntu', 5, '-6.8986', '36.564'),
(90, 'Lighwa', 'lighwa', 5, '-6.8986', '36.564'),
(91, 'Makilawa', 'makilawa', 5, '-6.8986', '36.564'),
(92, 'Makiungu', 'makiungu', 5, '-6.8986', '36.564'),
(93, 'Mang\'onyi', 'mang\'onyi', 5, '-6.8986', '36.564'),
(94, 'Mgungira', 'mgungira', 5, '-6.8986', '36.564'),
(95, 'Minyughe', 'minyughe', 5, '-6.8986', '36.564'),
(96, 'Misughaa', 'misughaa', 5, '-6.8986', '36.564'),
(97, 'Mkiwa', 'mkiwa', 5, '-6.8986', '36.564'),
(98, 'Mtunduru', 'mtunduru', 5, '-6.8986', '36.564'),
(99, 'Muhintiri', 'muhintiri', 5, '-6.8986', '36.564'),
(100, 'Mungaa', 'mungaa', 5, '-6.8986', '36.564'),
(101, 'Mwaru', 'mwaru', 5, '-6.8986', '36.564'),
(102, 'Ntuntu', 'ntuntu', 5, '-6.8986', '36.564'),
(103, 'Puma', 'puma', 5, '-6.8986', '36.564'),
(104, 'Sambaru', 'sambaru', 5, '-6.8986', '36.564'),
(105, 'Sepuka', 'sepuka', 5, '-6.8986', '36.564'),
(106, 'Siuyu', 'siuyu', 5, '-6.8986', '36.564'),
(107, 'Unyahati', 'unyahati', 5, '-6.8986', '36.564'),
(108, 'Gumanga', 'gumanga', 6, '-6.8986', '36.564'),
(109, 'Ibaga', 'ibaga', 6, '-6.8986', '36.564'),
(110, 'Iguguno', 'iguguno', 6, '-6.8986', '36.564'),
(111, 'Ilunda', 'ilunda', 6, '-6.8986', '36.564'),
(112, 'Kikhonda', 'kikhonda', 6, '-6.8986', '36.564'),
(113, 'Kinampundu', 'kinampundu', 6, '-6.8986', '36.564'),
(114, 'Kinyangiri', 'kinyangiri', 6, '-6.8986', '36.564'),
(115, 'Matongo', 'matongo', 6, '-6.8986', '36.564'),
(116, 'Miganga', 'miganga', 6, '-6.8986', '36.564'),
(117, 'Mpambala', 'mpambala', 6, '-6.8986', '36.564'),
(118, 'Msingi', 'msingi', 6, '-6.8986', '36.564'),
(119, 'Mwanga', 'mwanga', 6, '-6.8986', '36.564'),
(120, 'Mwangeza', 'mwangeza', 6, '-6.8986', '36.564'),
(121, 'Nduguti', 'nduguti', 6, '-6.8986', '36.564'),
(122, 'Nkalakala', 'nkalala', 6, '-6.8986', '36.564'),
(123, 'Nkinto', 'nkinto', 6, '-6.8986', '36.564'),
(124, 'Tumuli', 'tumuli', 6, '-6.8986', '36.564');

-- --------------------------------------------------------

--
-- Table structure for table `weeklyintensities`
--

CREATE TABLE `weeklyintensities` (
  `weekint_id` int(11) UNSIGNED NOT NULL,
  `weekint_ward` int(11) UNSIGNED NOT NULL,
  `weekint_week` int(11) UNSIGNED NOT NULL,
  `weekint_month` int(11) UNSIGNED NOT NULL,
  `weekint_mm` varchar(255) NOT NULL,
  `weekint_classifier` int(11) UNSIGNED DEFAULT NULL,
  `last_created` datetime DEFAULT CURRENT_TIMESTAMP ON UPDATE CURRENT_TIMESTAMP
) ENGINE=MyISAM DEFAULT CHARSET=utf8;

--
-- Dumping data for table `weeklyintensities`
--

INSERT INTO `weeklyintensities` (`weekint_id`, `weekint_ward`, `weekint_week`, `weekint_month`, `weekint_mm`, `weekint_classifier`, `last_created`) VALUES
(1, 1, 1, 1, '212', 4, '2021-09-27 16:38:06'),
(2, 1, 2, 1, '48', 2, '2021-09-27 16:38:06'),
(3, 1, 3, 1, '0', 1, '2021-09-27 16:38:06'),
(4, 1, 4, 1, '300', 4, '2021-09-27 16:38:06'),
(5, 1, 1, 2, '6000', 5, '2021-09-27 16:38:06'),
(6, 1, 2, 2, '1500', 5, '2021-09-27 16:38:06'),
(7, 1, 3, 2, '6000', 5, '2021-09-27 16:38:06'),
(8, 1, 4, 2, '6000', 5, '2021-09-27 16:38:06'),
(9, 1, 1, 3, '102', 4, '2021-09-27 16:38:06'),
(10, 1, 2, 3, '150', 4, '2021-09-27 16:38:06'),
(11, 1, 3, 3, '48', 2, '2021-09-27 16:38:06'),
(12, 1, 4, 3, '33', 2, '2021-09-27 16:38:06'),
(13, 2, 1, 1, '888', 5, '2021-09-27 16:38:06'),
(14, 2, 2, 1, '200', 4, '2021-09-27 16:38:06'),
(15, 2, 3, 1, '48', 2, '2021-09-27 16:38:06'),
(16, 2, 4, 1, '212', 4, '2021-09-27 16:38:06'),
(17, 2, 1, 2, '111', 4, '2021-09-27 16:38:06'),
(18, 2, 2, 2, '6000', 5, '2021-09-27 16:38:06'),
(19, 2, 3, 2, '560', 5, '2021-09-27 16:38:06'),
(20, 2, 4, 2, '300', 4, '2021-09-27 16:38:06'),
(21, 2, 1, 3, '90', 3, '2021-09-27 16:38:06'),
(22, 2, 2, 3, '555', 5, '2021-09-27 16:38:06'),
(23, 2, 3, 3, '98', 3, '2021-09-27 16:38:06'),
(24, 2, 4, 3, '98', 3, '2021-09-27 16:38:06'),
(25, 3, 1, 1, '34', 2, '2021-09-27 16:38:06'),
(26, 3, 2, 1, '89', 3, '2021-09-27 16:38:06'),
(27, 3, 3, 1, '111', 4, '2021-09-27 16:38:06'),
(28, 3, 4, 1, '89', 3, '2021-09-27 16:38:06'),
(29, 3, 1, 2, '888', 5, '2021-09-27 16:38:06'),
(30, 3, 2, 2, '300', 4, '2021-09-27 16:38:06'),
(31, 3, 3, 2, '150', 4, '2021-09-27 16:38:06'),
(32, 3, 4, 2, '33', 2, '2021-09-27 16:38:06'),
(33, 3, 1, 3, '23', 2, '2021-09-27 16:38:06'),
(34, 3, 2, 3, '90', 3, '2021-09-27 16:38:06'),
(35, 3, 3, 3, '38', 2, '2021-09-27 16:38:06'),
(36, 3, 4, 3, '200', 4, '2021-09-27 16:38:06'),
(37, 4, 1, 1, '200', 4, '2021-09-27 16:38:06'),
(38, 4, 2, 1, '500', 4, '2021-09-27 16:38:06'),
(39, 4, 3, 1, '49', 2, '2021-09-27 16:38:06'),
(40, 4, 4, 1, '212', 4, '2021-09-27 16:38:06'),
(41, 4, 1, 2, '90', 3, '2021-09-27 16:38:06'),
(42, 4, 2, 2, '33', 2, '2021-09-27 16:38:06'),
(43, 4, 3, 2, '500', 4, '2021-09-27 16:38:06'),
(44, 4, 4, 2, '150', 4, '2021-09-27 16:38:06'),
(45, 4, 1, 3, '400', 4, '2021-09-27 16:38:06'),
(46, 4, 2, 3, '300', 4, '2021-09-27 16:38:06'),
(47, 4, 3, 3, '98', 3, '2021-09-27 16:38:06'),
(48, 4, 4, 3, '1500', 5, '2021-09-27 16:38:06'),
(49, 5, 1, 1, '400', 4, '2021-09-27 16:38:06'),
(50, 5, 2, 1, '98', 3, '2021-09-27 16:38:06'),
(51, 5, 3, 1, '48', 2, '2021-09-27 16:38:06'),
(52, 5, 4, 1, '500', 4, '2021-09-27 16:38:06'),
(53, 5, 1, 2, '6000', 5, '2021-09-27 16:38:06'),
(54, 5, 2, 2, '111', 4, '2021-09-27 16:38:06'),
(55, 5, 3, 2, '1002', 5, '2021-09-27 16:38:06'),
(56, 5, 4, 2, '21', 2, '2021-09-27 16:38:06'),
(57, 5, 1, 3, '34', 2, '2021-09-27 16:38:06'),
(58, 5, 2, 3, '98', 3, '2021-09-27 16:38:06'),
(59, 5, 3, 3, '98', 3, '2021-09-27 16:38:06'),
(60, 5, 4, 3, '23', 2, '2021-09-27 16:38:06'),
(61, 6, 1, 1, '500', 4, '2021-09-27 16:38:06'),
(62, 6, 2, 1, '102', 4, '2021-09-27 16:38:06'),
(63, 6, 3, 1, '212', 4, '2021-09-27 16:38:06'),
(64, 6, 4, 1, '23', 2, '2021-09-27 16:38:06'),
(65, 6, 1, 2, '1002', 5, '2021-09-27 16:38:06'),
(66, 6, 2, 2, '33', 2, '2021-09-27 16:38:06'),
(67, 6, 3, 2, '2', 1, '2021-09-27 16:38:06'),
(68, 6, 4, 2, '21', 2, '2021-09-27 16:38:06'),
(69, 6, 1, 3, '1500', 5, '2021-09-27 16:38:06'),
(70, 6, 2, 3, '111', 4, '2021-09-27 16:38:06'),
(71, 6, 3, 3, '212', 4, '2021-09-27 16:38:06'),
(72, 6, 4, 3, '102', 4, '2021-09-27 16:38:06'),
(73, 7, 1, 1, '48', 2, '2021-09-27 16:38:06'),
(74, 7, 2, 1, '102', 4, '2021-09-27 16:38:06'),
(75, 7, 3, 1, '374', 4, '2021-09-27 16:38:06'),
(76, 7, 4, 1, '200', 4, '2021-09-27 16:38:06'),
(77, 7, 1, 2, '1500', 5, '2021-09-27 16:38:06'),
(78, 7, 2, 2, '49', 2, '2021-09-27 16:38:06'),
(79, 7, 3, 2, '400', 4, '2021-09-27 16:38:06'),
(80, 7, 4, 2, '888', 5, '2021-09-27 16:38:06'),
(81, 7, 1, 3, '400', 4, '2021-09-27 16:38:06'),
(82, 7, 2, 3, '200', 4, '2021-09-27 16:38:06'),
(83, 7, 3, 3, '1500', 5, '2021-09-27 16:38:06'),
(84, 7, 4, 3, '2', 1, '2021-09-27 16:38:06'),
(85, 8, 1, 1, '38', 2, '2021-09-27 16:38:06'),
(86, 8, 2, 1, '100', 3, '2021-09-27 16:38:06'),
(87, 8, 3, 1, '212', 4, '2021-09-27 16:38:06'),
(88, 8, 4, 1, '300', 4, '2021-09-27 16:38:06'),
(89, 8, 1, 2, '555', 5, '2021-09-27 16:38:06'),
(90, 8, 2, 2, '888', 5, '2021-09-27 16:38:06'),
(91, 8, 3, 2, '90', 3, '2021-09-27 16:38:06'),
(92, 8, 4, 2, '111', 4, '2021-09-27 16:38:06'),
(93, 8, 1, 3, '98', 3, '2021-09-27 16:38:06'),
(94, 8, 2, 3, '200', 4, '2021-09-27 16:38:06'),
(95, 8, 3, 3, '568', 5, '2021-09-27 16:38:06'),
(96, 8, 4, 3, '1500', 5, '2021-09-27 16:38:06'),
(97, 9, 1, 1, '1500', 5, '2021-09-27 16:38:06'),
(98, 9, 2, 1, '300', 4, '2021-09-27 16:38:06'),
(99, 9, 3, 1, '23', 2, '2021-09-27 16:38:06'),
(100, 9, 4, 1, '150', 4, '2021-09-27 16:38:06'),
(101, 9, 1, 2, '555', 5, '2021-09-27 16:38:06'),
(102, 9, 2, 2, '98', 3, '2021-09-27 16:38:06'),
(103, 9, 3, 2, '568', 5, '2021-09-27 16:38:06'),
(104, 9, 4, 2, '1002', 5, '2021-09-27 16:38:06'),
(105, 9, 1, 3, '150', 4, '2021-09-27 16:38:06'),
(106, 9, 2, 3, '999', 5, '2021-09-27 16:38:06'),
(107, 9, 3, 3, '102', 4, '2021-09-27 16:38:06'),
(108, 9, 4, 3, '6000', 5, '2021-09-27 16:38:06'),
(109, 10, 1, 1, '888', 5, '2021-09-27 16:38:06'),
(110, 10, 2, 1, '1500', 5, '2021-09-27 16:38:06'),
(111, 10, 3, 1, '98', 3, '2021-09-27 16:38:06'),
(112, 10, 4, 1, '2', 1, '2021-09-27 16:38:06'),
(113, 10, 1, 2, '23', 2, '2021-09-27 16:38:06'),
(114, 10, 2, 2, '48', 2, '2021-09-27 16:38:06'),
(115, 10, 3, 2, '374', 4, '2021-09-27 16:38:06'),
(116, 10, 4, 2, '150', 4, '2021-09-27 16:38:06'),
(117, 10, 1, 3, '21', 2, '2021-09-27 16:38:06'),
(118, 10, 2, 3, '111', 4, '2021-09-27 16:38:06'),
(119, 10, 3, 3, '700', 5, '2021-09-27 16:38:06'),
(120, 10, 4, 3, '150', 4, '2021-09-27 16:38:06'),
(121, 11, 1, 1, '150', 4, '2021-09-27 16:38:06'),
(122, 11, 2, 1, '34', 2, '2021-09-27 16:38:06'),
(123, 11, 3, 1, '888', 5, '2021-09-27 16:38:06'),
(124, 11, 4, 1, '2', 1, '2021-09-27 16:38:06'),
(125, 11, 1, 2, '150', 4, '2021-09-27 16:38:06'),
(126, 11, 2, 2, '6000', 5, '2021-09-27 16:38:06'),
(127, 11, 3, 2, '1500', 5, '2021-09-27 16:38:06'),
(128, 11, 4, 2, '555', 5, '2021-09-27 16:38:06'),
(129, 11, 1, 3, '49', 2, '2021-09-27 16:38:06'),
(130, 11, 2, 3, '21', 2, '2021-09-27 16:38:06'),
(131, 11, 3, 3, '45', 2, '2021-09-27 16:38:06'),
(132, 11, 4, 3, '500', 4, '2021-09-27 16:38:06'),
(133, 12, 1, 1, '23', 2, '2021-09-27 16:38:06'),
(134, 12, 2, 1, '0', 1, '2021-09-27 16:38:06'),
(135, 12, 3, 1, '102', 4, '2021-09-27 16:38:06'),
(136, 12, 4, 1, '1500', 5, '2021-09-27 16:38:06'),
(137, 12, 1, 2, '999', 5, '2021-09-27 16:38:06'),
(138, 12, 2, 2, '999', 5, '2021-09-27 16:38:06'),
(139, 12, 3, 2, '888', 5, '2021-09-27 16:38:06'),
(140, 12, 4, 2, '374', 4, '2021-09-27 16:38:06'),
(141, 12, 1, 3, '23', 2, '2021-09-27 16:38:06'),
(142, 12, 2, 3, '90', 3, '2021-09-27 16:38:06'),
(143, 12, 3, 3, '400', 4, '2021-09-27 16:38:06'),
(144, 12, 4, 3, '500', 4, '2021-09-27 16:38:06'),
(145, 13, 1, 1, '98', 3, '2021-09-27 16:38:06'),
(146, 13, 2, 1, '111', 4, '2021-09-27 16:38:06'),
(147, 13, 3, 1, '23', 2, '2021-09-27 16:38:06'),
(148, 13, 4, 1, '456', 4, '2021-09-27 16:38:06'),
(149, 13, 1, 2, '200', 4, '2021-09-27 16:38:06'),
(150, 13, 2, 2, '500', 4, '2021-09-27 16:38:06'),
(151, 13, 3, 2, '90', 3, '2021-09-27 16:38:06'),
(152, 13, 4, 2, '111', 4, '2021-09-27 16:38:06'),
(153, 13, 1, 3, '500', 4, '2021-09-27 16:38:06'),
(154, 13, 2, 3, '212', 4, '2021-09-27 16:38:06'),
(155, 13, 3, 3, '250', 4, '2021-09-27 16:38:06'),
(156, 13, 4, 3, '300', 4, '2021-09-27 16:38:06'),
(157, 14, 1, 1, '34', 2, '2021-09-27 16:38:06'),
(158, 14, 2, 1, '560', 5, '2021-09-27 16:38:06'),
(159, 14, 3, 1, '34', 2, '2021-09-27 16:38:06'),
(160, 14, 4, 1, '999', 5, '2021-09-27 16:38:06'),
(161, 14, 1, 2, '568', 5, '2021-09-27 16:38:06'),
(162, 14, 2, 2, '1500', 5, '2021-09-27 16:38:06'),
(163, 14, 3, 2, '98', 3, '2021-09-27 16:38:06'),
(164, 14, 4, 2, '568', 5, '2021-09-27 16:38:06'),
(165, 14, 1, 3, '400', 4, '2021-09-27 16:38:06'),
(166, 14, 2, 3, '49', 2, '2021-09-27 16:38:06'),
(167, 14, 3, 3, '49', 2, '2021-09-27 16:38:06'),
(168, 14, 4, 3, '90', 3, '2021-09-27 16:38:06'),
(169, 15, 1, 1, '1002', 5, '2021-09-27 16:38:06'),
(170, 15, 2, 1, '0', 1, '2021-09-27 16:38:06'),
(171, 15, 3, 1, '150', 4, '2021-09-27 16:38:06'),
(172, 15, 4, 1, '1002', 5, '2021-09-27 16:38:06'),
(173, 15, 1, 2, '250', 4, '2021-09-27 16:38:06'),
(174, 15, 2, 2, '89', 3, '2021-09-27 16:38:06'),
(175, 15, 3, 2, '48', 2, '2021-09-27 16:38:06'),
(176, 15, 4, 2, '200', 4, '2021-09-27 16:38:06'),
(177, 15, 1, 3, '500', 4, '2021-09-27 16:38:06'),
(178, 15, 2, 3, '102', 4, '2021-09-27 16:38:06'),
(179, 15, 3, 3, '1500', 5, '2021-09-27 16:38:06'),
(180, 15, 4, 3, '38', 2, '2021-09-27 16:38:06'),
(181, 16, 1, 1, '6000', 5, '2021-09-27 16:38:06'),
(182, 16, 2, 1, '98', 3, '2021-09-27 16:38:06'),
(183, 16, 3, 1, '400', 4, '2021-09-27 16:38:06'),
(184, 16, 4, 1, '150', 4, '2021-09-27 16:38:06'),
(185, 16, 1, 2, '888', 5, '2021-09-27 16:38:06'),
(186, 16, 2, 2, '479', 4, '2021-09-27 16:38:06'),
(187, 16, 3, 2, '98', 3, '2021-09-27 16:38:06'),
(188, 16, 4, 2, '150', 4, '2021-09-27 16:38:06'),
(189, 16, 1, 3, '21', 2, '2021-09-27 16:38:06'),
(190, 16, 2, 3, '102', 4, '2021-09-27 16:38:06'),
(191, 16, 3, 3, '700', 5, '2021-09-27 16:38:06'),
(192, 16, 4, 3, '100', 3, '2021-09-27 16:38:06'),
(193, 17, 1, 1, '98', 3, '2021-09-27 16:38:06'),
(194, 17, 2, 1, '250', 4, '2021-09-27 16:38:06'),
(195, 17, 3, 1, '100', 3, '2021-09-27 16:38:06'),
(196, 17, 4, 1, '33', 2, '2021-09-27 16:38:06'),
(197, 17, 1, 2, '456', 4, '2021-09-27 16:38:06'),
(198, 17, 2, 2, '48', 2, '2021-09-27 16:38:06'),
(199, 17, 3, 2, '111', 4, '2021-09-27 16:38:06'),
(200, 17, 4, 2, '21', 2, '2021-09-27 16:38:06'),
(201, 17, 1, 3, '90', 3, '2021-09-27 16:38:06'),
(202, 17, 2, 3, '98', 3, '2021-09-27 16:38:06'),
(203, 17, 3, 3, '6000', 5, '2021-09-27 16:38:06'),
(204, 17, 4, 3, '2', 1, '2021-09-27 16:38:06'),
(205, 18, 1, 1, '374', 4, '2021-09-27 16:38:06'),
(206, 18, 2, 1, '212', 4, '2021-09-27 16:38:06'),
(207, 18, 3, 1, '6000', 5, '2021-09-27 16:38:06'),
(208, 18, 4, 1, '100', 3, '2021-09-27 16:38:06'),
(209, 18, 1, 2, '100', 3, '2021-09-27 16:38:06'),
(210, 18, 2, 2, '200', 4, '2021-09-27 16:38:06'),
(211, 18, 3, 2, '111', 4, '2021-09-27 16:38:06'),
(212, 18, 4, 2, '21', 2, '2021-09-27 16:38:06'),
(213, 18, 1, 3, '45', 2, '2021-09-27 16:38:06'),
(214, 18, 2, 3, '49', 2, '2021-09-27 16:38:06'),
(215, 18, 3, 3, '1500', 5, '2021-09-27 16:38:06'),
(216, 18, 4, 3, '1500', 5, '2021-09-27 16:38:06'),
(217, 19, 1, 1, '0', 1, '2021-09-27 16:38:06'),
(218, 19, 2, 1, '38', 2, '2021-09-27 16:38:06'),
(219, 19, 3, 1, '212', 4, '2021-09-27 16:38:06'),
(220, 19, 4, 1, '555', 5, '2021-09-27 16:38:06'),
(221, 19, 1, 2, '33', 2, '2021-09-27 16:38:06'),
(222, 19, 2, 2, '250', 4, '2021-09-27 16:38:06'),
(223, 19, 3, 2, '212', 4, '2021-09-27 16:38:06'),
(224, 19, 4, 2, '700', 5, '2021-09-27 16:38:06'),
(225, 19, 1, 3, '374', 4, '2021-09-27 16:38:06'),
(226, 19, 2, 3, '500', 4, '2021-09-27 16:38:06'),
(227, 19, 3, 3, '6000', 5, '2021-09-27 16:38:06'),
(228, 19, 4, 3, '999', 5, '2021-09-27 16:38:06'),
(229, 20, 1, 1, '1002', 5, '2021-09-27 16:38:06'),
(230, 20, 2, 1, '33', 2, '2021-09-27 16:38:06'),
(231, 20, 3, 1, '999', 5, '2021-09-27 16:38:06'),
(232, 20, 4, 1, '102', 4, '2021-09-27 16:38:06'),
(233, 20, 1, 2, '33', 2, '2021-09-27 16:38:06'),
(234, 20, 2, 2, '560', 5, '2021-09-27 16:38:06'),
(235, 20, 3, 2, '212', 4, '2021-09-27 16:38:06'),
(236, 20, 4, 2, '999', 5, '2021-09-27 16:38:06'),
(237, 20, 1, 3, '500', 4, '2021-09-27 16:38:06'),
(238, 20, 2, 3, '1500', 5, '2021-09-27 16:38:06'),
(239, 20, 3, 3, '888', 5, '2021-09-27 16:38:06'),
(240, 20, 4, 3, '555', 5, '2021-09-27 16:38:06'),
(241, 21, 1, 1, '21', 2, '2021-09-27 16:38:06'),
(242, 21, 2, 1, '374', 4, '2021-09-27 16:38:06'),
(243, 21, 3, 1, '98', 3, '2021-09-27 16:38:06'),
(244, 21, 4, 1, '21', 2, '2021-09-27 16:38:06'),
(245, 21, 1, 2, '1500', 5, '2021-09-27 16:38:06'),
(246, 21, 2, 2, '456', 4, '2021-09-27 16:38:06'),
(247, 21, 3, 2, '48', 2, '2021-09-27 16:38:06'),
(248, 21, 4, 2, '100', 3, '2021-09-27 16:38:06'),
(249, 21, 1, 3, '456', 4, '2021-09-27 16:38:06'),
(250, 21, 2, 3, '212', 4, '2021-09-27 16:38:06'),
(251, 21, 3, 3, '500', 4, '2021-09-27 16:38:06'),
(252, 21, 4, 3, '400', 4, '2021-09-27 16:38:06'),
(253, 22, 1, 1, '33', 2, '2021-09-27 16:38:06'),
(254, 22, 2, 1, '1500', 5, '2021-09-27 16:38:06'),
(255, 22, 3, 1, '479', 4, '2021-09-27 16:38:06'),
(256, 22, 4, 1, '38', 2, '2021-09-27 16:38:06'),
(257, 22, 1, 2, '98', 3, '2021-09-27 16:38:06'),
(258, 22, 2, 2, '1500', 5, '2021-09-27 16:38:06'),
(259, 22, 3, 2, '1002', 5, '2021-09-27 16:38:06'),
(260, 22, 4, 2, '21', 2, '2021-09-27 16:38:06'),
(261, 22, 1, 3, '250', 4, '2021-09-27 16:38:06'),
(262, 22, 2, 3, '100', 3, '2021-09-27 16:38:06'),
(263, 22, 3, 3, '98', 3, '2021-09-27 16:38:06'),
(264, 22, 4, 3, '374', 4, '2021-09-27 16:38:06'),
(265, 23, 1, 1, '0', 1, '2021-09-27 16:38:06'),
(266, 23, 2, 1, '6000', 5, '2021-09-27 16:38:06'),
(267, 23, 3, 1, '400', 4, '2021-09-27 16:38:06'),
(268, 23, 4, 1, '102', 4, '2021-09-27 16:38:06'),
(269, 23, 1, 2, '2', 1, '2021-09-27 16:38:06'),
(270, 23, 2, 2, '33', 2, '2021-09-27 16:38:06'),
(271, 23, 3, 2, '555', 5, '2021-09-27 16:38:06'),
(272, 23, 4, 2, '49', 2, '2021-09-27 16:38:06'),
(273, 23, 1, 3, '102', 4, '2021-09-27 16:38:06'),
(274, 23, 2, 3, '6000', 5, '2021-09-27 16:38:06'),
(275, 23, 3, 3, '300', 4, '2021-09-27 16:38:06'),
(276, 23, 4, 3, '6000', 5, '2021-09-27 16:38:06'),
(277, 24, 1, 1, '200', 4, '2021-09-27 16:38:06'),
(278, 24, 2, 1, '45', 2, '2021-09-27 16:38:06'),
(279, 24, 3, 1, '1500', 5, '2021-09-27 16:38:06'),
(280, 24, 4, 1, '33', 2, '2021-09-27 16:38:06'),
(281, 24, 1, 2, '100', 3, '2021-09-27 16:38:06'),
(282, 24, 2, 2, '200', 4, '2021-09-27 16:38:06'),
(283, 24, 3, 2, '2', 1, '2021-09-27 16:38:06'),
(284, 24, 4, 2, '400', 4, '2021-09-27 16:38:06'),
(285, 24, 1, 3, '102', 4, '2021-09-27 16:38:06'),
(286, 24, 2, 3, '500', 4, '2021-09-27 16:38:06'),
(287, 24, 3, 3, '102', 4, '2021-09-27 16:38:06'),
(288, 24, 4, 3, '2', 1, '2021-09-27 16:38:06'),
(289, 25, 1, 1, '212', 4, '2021-09-27 16:38:06'),
(290, 25, 2, 1, '456', 4, '2021-09-27 16:38:06'),
(291, 25, 3, 1, '100', 3, '2021-09-27 16:38:06'),
(292, 25, 4, 1, '560', 5, '2021-09-27 16:38:06'),
(293, 25, 1, 2, '888', 5, '2021-09-27 16:38:06'),
(294, 25, 2, 2, '49', 2, '2021-09-27 16:38:06'),
(295, 25, 3, 2, '212', 4, '2021-09-27 16:38:06'),
(296, 25, 4, 2, '90', 3, '2021-09-27 16:38:06'),
(297, 25, 1, 3, '150', 4, '2021-09-27 16:38:06'),
(298, 25, 2, 3, '200', 4, '2021-09-27 16:38:06'),
(299, 25, 3, 3, '560', 5, '2021-09-27 16:38:06'),
(300, 25, 4, 3, '100', 3, '2021-09-27 16:38:06'),
(301, 26, 1, 1, '49', 2, '2021-09-27 16:38:06'),
(302, 26, 2, 1, '150', 4, '2021-09-27 16:38:06'),
(303, 26, 3, 1, '150', 4, '2021-09-27 16:38:06'),
(304, 26, 4, 1, '300', 4, '2021-09-27 16:38:06'),
(305, 26, 1, 2, '212', 4, '2021-09-27 16:38:06'),
(306, 26, 2, 2, '48', 2, '2021-09-27 16:38:06'),
(307, 26, 3, 2, '150', 4, '2021-09-27 16:38:06'),
(308, 26, 4, 2, '98', 3, '2021-09-27 16:38:06'),
(309, 26, 1, 3, '999', 5, '2021-09-27 16:38:06'),
(310, 26, 2, 3, '111', 4, '2021-09-27 16:38:06'),
(311, 26, 3, 3, '6000', 5, '2021-09-27 16:38:06'),
(312, 26, 4, 3, '1500', 5, '2021-09-27 16:38:06'),
(313, 27, 1, 1, '999', 5, '2021-09-27 16:38:06'),
(314, 27, 2, 1, '212', 4, '2021-09-27 16:38:06'),
(315, 27, 3, 1, '0', 1, '2021-09-27 16:38:06'),
(316, 27, 4, 1, '0', 1, '2021-09-27 16:38:06'),
(317, 27, 1, 2, '1500', 5, '2021-09-27 16:38:06'),
(318, 27, 2, 2, '6000', 5, '2021-09-27 16:38:06'),
(319, 27, 3, 2, '568', 5, '2021-09-27 16:38:06'),
(320, 27, 4, 2, '250', 4, '2021-09-27 16:38:06'),
(321, 27, 1, 3, '45', 2, '2021-09-27 16:38:06'),
(322, 27, 2, 3, '888', 5, '2021-09-27 16:38:06'),
(323, 27, 3, 3, '100', 3, '2021-09-27 16:38:06'),
(324, 27, 4, 3, '999', 5, '2021-09-27 16:38:06'),
(325, 28, 1, 1, '479', 4, '2021-09-27 16:38:06'),
(326, 28, 2, 1, '111', 4, '2021-09-27 16:38:06'),
(327, 28, 3, 1, '6000', 5, '2021-09-27 16:38:06'),
(328, 28, 4, 1, '200', 4, '2021-09-27 16:38:06'),
(329, 28, 1, 2, '89', 3, '2021-09-27 16:38:06'),
(330, 28, 2, 2, '48', 2, '2021-09-27 16:38:06'),
(331, 28, 3, 2, '456', 4, '2021-09-27 16:38:06'),
(332, 28, 4, 2, '1002', 5, '2021-09-27 16:38:06'),
(333, 28, 1, 3, '1500', 5, '2021-09-27 16:38:06'),
(334, 28, 2, 3, '2', 1, '2021-09-27 16:38:06'),
(335, 28, 3, 3, '200', 4, '2021-09-27 16:38:06'),
(336, 28, 4, 3, '33', 2, '2021-09-27 16:38:06'),
(337, 29, 1, 1, '888', 5, '2021-09-27 16:38:06'),
(338, 29, 2, 1, '111', 4, '2021-09-27 16:38:06'),
(339, 29, 3, 1, '200', 4, '2021-09-27 16:38:06'),
(340, 29, 4, 1, '400', 4, '2021-09-27 16:38:06'),
(341, 29, 1, 2, '479', 4, '2021-09-27 16:38:06'),
(342, 29, 2, 2, '400', 4, '2021-09-27 16:38:06'),
(343, 29, 3, 2, '6000', 5, '2021-09-27 16:38:06'),
(344, 29, 4, 2, '98', 3, '2021-09-27 16:38:06'),
(345, 29, 1, 3, '38', 2, '2021-09-27 16:38:06'),
(346, 29, 2, 3, '98', 3, '2021-09-27 16:38:06'),
(347, 29, 3, 3, '111', 4, '2021-09-27 16:38:06'),
(348, 29, 4, 3, '300', 4, '2021-09-27 16:38:06'),
(349, 30, 1, 1, '150', 4, '2021-09-27 16:38:06'),
(350, 30, 2, 1, '250', 4, '2021-09-27 16:38:06'),
(351, 30, 3, 1, '33', 2, '2021-09-27 16:38:06'),
(352, 30, 4, 1, '700', 5, '2021-09-27 16:38:06'),
(353, 30, 1, 2, '38', 2, '2021-09-27 16:38:06'),
(354, 30, 2, 2, '568', 5, '2021-09-27 16:38:06'),
(355, 30, 3, 2, '38', 2, '2021-09-27 16:38:06'),
(356, 30, 4, 2, '90', 3, '2021-09-27 16:38:06'),
(357, 30, 1, 3, '212', 4, '2021-09-27 16:38:06'),
(358, 30, 2, 3, '500', 4, '2021-09-27 16:38:06'),
(359, 30, 3, 3, '23', 2, '2021-09-27 16:38:06'),
(360, 30, 4, 3, '2', 1, '2021-09-27 16:38:06'),
(361, 31, 1, 1, '100', 3, '2021-09-27 16:38:06'),
(362, 31, 2, 1, '0', 1, '2021-09-27 16:38:06'),
(363, 31, 3, 1, '111', 4, '2021-09-27 16:38:06'),
(364, 31, 4, 1, '2', 1, '2021-09-27 16:38:06'),
(365, 31, 1, 2, '212', 4, '2021-09-27 16:38:06'),
(366, 31, 2, 2, '456', 4, '2021-09-27 16:38:06'),
(367, 31, 3, 2, '150', 4, '2021-09-27 16:38:06'),
(368, 31, 4, 2, '150', 4, '2021-09-27 16:38:06'),
(369, 31, 1, 3, '500', 4, '2021-09-27 16:38:06'),
(370, 31, 2, 3, '21', 2, '2021-09-27 16:38:06'),
(371, 31, 3, 3, '500', 4, '2021-09-27 16:38:06'),
(372, 31, 4, 3, '49', 2, '2021-09-27 16:38:06'),
(373, 32, 1, 1, '700', 5, '2021-09-27 16:38:06'),
(374, 32, 2, 1, '6000', 5, '2021-09-27 16:38:06'),
(375, 32, 3, 1, '100', 3, '2021-09-27 16:38:06'),
(376, 32, 4, 1, '0', 1, '2021-09-27 16:38:06'),
(377, 32, 1, 2, '300', 4, '2021-09-27 16:38:06'),
(378, 32, 2, 2, '6000', 5, '2021-09-27 16:38:06'),
(379, 32, 3, 2, '568', 5, '2021-09-27 16:38:06'),
(380, 32, 4, 2, '33', 2, '2021-09-27 16:38:06'),
(381, 32, 1, 3, '212', 4, '2021-09-27 16:38:06'),
(382, 32, 2, 3, '374', 4, '2021-09-27 16:38:06'),
(383, 32, 3, 3, '98', 3, '2021-09-27 16:38:06'),
(384, 32, 4, 3, '150', 4, '2021-09-27 16:38:06'),
(385, 33, 1, 1, '250', 4, '2021-09-27 16:38:06'),
(386, 33, 2, 1, '111', 4, '2021-09-27 16:38:06'),
(387, 33, 3, 1, '0', 1, '2021-09-27 16:38:06'),
(388, 33, 4, 1, '2', 1, '2021-09-27 16:38:06'),
(389, 33, 1, 2, '111', 4, '2021-09-27 16:38:06'),
(390, 33, 2, 2, '45', 2, '2021-09-27 16:38:06'),
(391, 33, 3, 2, '456', 4, '2021-09-27 16:38:06'),
(392, 33, 4, 2, '23', 2, '2021-09-27 16:38:06'),
(393, 33, 1, 3, '0', 1, '2021-09-27 16:38:06'),
(394, 33, 2, 3, '479', 4, '2021-09-27 16:38:06'),
(395, 33, 3, 3, '150', 4, '2021-09-27 16:38:06'),
(396, 33, 4, 3, '500', 4, '2021-09-27 16:38:06'),
(397, 34, 1, 1, '89', 3, '2021-09-27 16:38:06'),
(398, 34, 2, 1, '38', 2, '2021-09-27 16:38:06'),
(399, 34, 3, 1, '150', 4, '2021-09-27 16:38:06'),
(400, 34, 4, 1, '34', 2, '2021-09-27 16:38:06'),
(401, 34, 1, 2, '150', 4, '2021-09-27 16:38:06'),
(402, 34, 2, 2, '250', 4, '2021-09-27 16:38:06'),
(403, 34, 3, 2, '100', 3, '2021-09-27 16:38:06'),
(404, 34, 4, 2, '98', 3, '2021-09-27 16:38:06'),
(405, 34, 1, 3, '1500', 5, '2021-09-27 16:38:06'),
(406, 34, 2, 3, '555', 5, '2021-09-27 16:38:06'),
(407, 34, 3, 3, '212', 4, '2021-09-27 16:38:06'),
(408, 34, 4, 3, '34', 2, '2021-09-27 16:38:06'),
(409, 35, 1, 1, '555', 5, '2021-09-27 16:38:06'),
(410, 35, 2, 1, '150', 4, '2021-09-27 16:38:06'),
(411, 35, 3, 1, '560', 5, '2021-09-27 16:38:06'),
(412, 35, 4, 1, '89', 3, '2021-09-27 16:38:06'),
(413, 35, 1, 2, '98', 3, '2021-09-27 16:38:06'),
(414, 35, 2, 2, '45', 2, '2021-09-27 16:38:06'),
(415, 35, 3, 2, '1002', 5, '2021-09-27 16:38:06'),
(416, 35, 4, 2, '568', 5, '2021-09-27 16:38:06'),
(417, 35, 1, 3, '100', 3, '2021-09-27 16:38:06'),
(418, 35, 2, 3, '560', 5, '2021-09-27 16:38:06'),
(419, 35, 3, 3, '2', 1, '2021-09-27 16:38:06'),
(420, 35, 4, 3, '100', 3, '2021-09-27 16:38:06'),
(421, 36, 1, 1, '33', 2, '2021-09-27 16:38:06'),
(422, 36, 2, 1, '999', 5, '2021-09-27 16:38:06'),
(423, 36, 3, 1, '45', 2, '2021-09-27 16:38:06'),
(424, 36, 4, 1, '500', 4, '2021-09-27 16:38:06'),
(425, 36, 1, 2, '200', 4, '2021-09-27 16:38:06'),
(426, 36, 2, 2, '479', 4, '2021-09-27 16:38:06'),
(427, 36, 3, 2, '200', 4, '2021-09-27 16:38:06'),
(428, 36, 4, 2, '48', 2, '2021-09-27 16:38:06'),
(429, 36, 1, 3, '0', 1, '2021-09-27 16:38:06'),
(430, 36, 2, 3, '250', 4, '2021-09-27 16:38:06'),
(431, 36, 3, 3, '700', 5, '2021-09-27 16:38:06'),
(432, 36, 4, 3, '0', 1, '2021-09-27 16:38:06'),
(433, 37, 1, 1, '888', 5, '2021-09-27 16:38:06'),
(434, 37, 2, 1, '999', 5, '2021-09-27 16:38:06'),
(435, 37, 3, 1, '568', 5, '2021-09-27 16:38:06'),
(436, 37, 4, 1, '98', 3, '2021-09-27 16:38:06'),
(437, 37, 1, 2, '49', 2, '2021-09-27 16:38:06'),
(438, 37, 2, 2, '21', 2, '2021-09-27 16:38:06'),
(439, 37, 3, 2, '374', 4, '2021-09-27 16:38:06'),
(440, 37, 4, 2, '1500', 5, '2021-09-27 16:38:06'),
(441, 37, 1, 3, '200', 4, '2021-09-27 16:38:06'),
(442, 37, 2, 3, '212', 4, '2021-09-27 16:38:06'),
(443, 37, 3, 3, '999', 5, '2021-09-27 16:38:06'),
(444, 37, 4, 3, '6000', 5, '2021-09-27 16:38:06'),
(445, 38, 1, 1, '1002', 5, '2021-09-27 16:38:06'),
(446, 38, 2, 1, '111', 4, '2021-09-27 16:38:06'),
(447, 38, 3, 1, '100', 3, '2021-09-27 16:38:06'),
(448, 38, 4, 1, '500', 4, '2021-09-27 16:38:06'),
(449, 38, 1, 2, '1002', 5, '2021-09-27 16:38:06'),
(450, 38, 2, 2, '200', 4, '2021-09-27 16:38:06'),
(451, 38, 3, 2, '212', 4, '2021-09-27 16:38:06'),
(452, 38, 4, 2, '300', 4, '2021-09-27 16:38:06'),
(453, 38, 1, 3, '98', 3, '2021-09-27 16:38:06'),
(454, 38, 2, 3, '2', 1, '2021-09-27 16:38:06'),
(455, 38, 3, 3, '560', 5, '2021-09-27 16:38:06'),
(456, 38, 4, 3, '111', 4, '2021-09-27 16:38:06'),
(457, 39, 1, 1, '98', 3, '2021-09-27 16:38:06'),
(458, 39, 2, 1, '6000', 5, '2021-09-27 16:38:06'),
(459, 39, 3, 1, '90', 3, '2021-09-27 16:38:06'),
(460, 39, 4, 1, '568', 5, '2021-09-27 16:38:06'),
(461, 39, 1, 2, '38', 2, '2021-09-27 16:38:06'),
(462, 39, 2, 2, '38', 2, '2021-09-27 16:38:06'),
(463, 39, 3, 2, '100', 3, '2021-09-27 16:38:06'),
(464, 39, 4, 2, '33', 2, '2021-09-27 16:38:06'),
(465, 39, 1, 3, '102', 4, '2021-09-27 16:38:06'),
(466, 39, 2, 3, '150', 4, '2021-09-27 16:38:06'),
(467, 39, 3, 3, '90', 3, '2021-09-27 16:38:06'),
(468, 39, 4, 3, '700', 5, '2021-09-27 16:38:06'),
(469, 40, 1, 1, '33', 2, '2021-09-27 16:38:06'),
(470, 40, 2, 1, '212', 4, '2021-09-27 16:38:06'),
(471, 40, 3, 1, '100', 3, '2021-09-27 16:38:06'),
(472, 40, 4, 1, '300', 4, '2021-09-27 16:38:06'),
(473, 40, 1, 2, '212', 4, '2021-09-27 16:38:06'),
(474, 40, 2, 2, '568', 5, '2021-09-27 16:38:06'),
(475, 40, 3, 2, '49', 2, '2021-09-27 16:38:06'),
(476, 40, 4, 2, '1002', 5, '2021-09-27 16:38:06'),
(477, 40, 1, 3, '90', 3, '2021-09-27 16:38:06'),
(478, 40, 2, 3, '250', 4, '2021-09-27 16:38:06'),
(479, 40, 3, 3, '1002', 5, '2021-09-27 16:38:06'),
(480, 40, 4, 3, '479', 4, '2021-09-27 16:38:06'),
(481, 41, 1, 1, '0', 1, '2021-09-27 16:38:06'),
(482, 41, 2, 1, '90', 3, '2021-09-27 16:38:06'),
(483, 41, 3, 1, '89', 3, '2021-09-27 16:38:06'),
(484, 41, 4, 1, '400', 4, '2021-09-27 16:38:06'),
(485, 41, 1, 2, '6000', 5, '2021-09-27 16:38:06'),
(486, 41, 2, 2, '90', 3, '2021-09-27 16:38:06'),
(487, 41, 3, 2, '33', 2, '2021-09-27 16:38:06'),
(488, 41, 4, 2, '100', 3, '2021-09-27 16:38:06'),
(489, 41, 1, 3, '2', 1, '2021-09-27 16:38:06'),
(490, 41, 2, 3, '89', 3, '2021-09-27 16:38:06'),
(491, 41, 3, 3, '6000', 5, '2021-09-27 16:38:06'),
(492, 41, 4, 3, '400', 4, '2021-09-27 16:38:06'),
(493, 42, 1, 1, '212', 4, '2021-09-27 16:38:06'),
(494, 42, 2, 1, '98', 3, '2021-09-27 16:38:06'),
(495, 42, 3, 1, '555', 5, '2021-09-27 16:38:06'),
(496, 42, 4, 1, '500', 4, '2021-09-27 16:38:06'),
(497, 42, 1, 2, '888', 5, '2021-09-27 16:38:06'),
(498, 42, 2, 2, '1002', 5, '2021-09-27 16:38:06'),
(499, 42, 3, 2, '500', 4, '2021-09-27 16:38:06'),
(500, 42, 4, 2, '456', 4, '2021-09-27 16:38:06'),
(501, 42, 1, 3, '500', 4, '2021-09-27 16:38:06'),
(502, 42, 2, 3, '300', 4, '2021-09-27 16:38:06'),
(503, 42, 3, 3, '300', 4, '2021-09-27 16:38:06'),
(504, 42, 4, 3, '456', 4, '2021-09-27 16:38:06'),
(505, 43, 1, 1, '560', 5, '2021-09-27 16:38:06'),
(506, 43, 2, 1, '89', 3, '2021-09-27 16:38:06'),
(507, 43, 3, 1, '479', 4, '2021-09-27 16:38:06'),
(508, 43, 4, 1, '400', 4, '2021-09-27 16:38:06'),
(509, 43, 1, 2, '23', 2, '2021-09-27 16:38:06'),
(510, 43, 2, 2, '479', 4, '2021-09-27 16:38:06'),
(511, 43, 3, 2, '2', 1, '2021-09-27 16:38:06'),
(512, 43, 4, 2, '98', 3, '2021-09-27 16:38:06'),
(513, 43, 1, 3, '48', 2, '2021-09-27 16:38:06'),
(514, 43, 2, 3, '6000', 5, '2021-09-27 16:38:06'),
(515, 43, 3, 3, '38', 2, '2021-09-27 16:38:06'),
(516, 43, 4, 3, '888', 5, '2021-09-27 16:38:06'),
(517, 44, 1, 1, '6000', 5, '2021-09-27 16:38:06'),
(518, 44, 2, 1, '49', 2, '2021-09-27 16:38:06'),
(519, 44, 3, 1, '1500', 5, '2021-09-27 16:38:06'),
(520, 44, 4, 1, '250', 4, '2021-09-27 16:38:06'),
(521, 44, 1, 2, '6000', 5, '2021-09-27 16:38:06'),
(522, 44, 2, 2, '150', 4, '2021-09-27 16:38:06'),
(523, 44, 3, 2, '456', 4, '2021-09-27 16:38:06'),
(524, 44, 4, 2, '48', 2, '2021-09-27 16:38:06'),
(525, 44, 1, 3, '48', 2, '2021-09-27 16:38:06'),
(526, 44, 2, 3, '300', 4, '2021-09-27 16:38:06'),
(527, 44, 3, 3, '374', 4, '2021-09-27 16:38:06'),
(528, 44, 4, 3, '48', 2, '2021-09-27 16:38:06'),
(529, 45, 1, 1, '49', 2, '2021-09-27 16:38:06'),
(530, 45, 2, 1, '98', 3, '2021-09-27 16:38:06'),
(531, 45, 3, 1, '6000', 5, '2021-09-27 16:38:06'),
(532, 45, 4, 1, '200', 4, '2021-09-27 16:38:06'),
(533, 45, 1, 2, '45', 2, '2021-09-27 16:38:06'),
(534, 45, 2, 2, '23', 2, '2021-09-27 16:38:06'),
(535, 45, 3, 2, '98', 3, '2021-09-27 16:38:06'),
(536, 45, 4, 2, '90', 3, '2021-09-27 16:38:06'),
(537, 45, 1, 3, '6000', 5, '2021-09-27 16:38:06'),
(538, 45, 2, 3, '400', 4, '2021-09-27 16:38:06'),
(539, 45, 3, 3, '200', 4, '2021-09-27 16:38:06'),
(540, 45, 4, 3, '560', 5, '2021-09-27 16:38:06'),
(541, 46, 1, 1, '568', 5, '2021-09-27 16:38:06'),
(542, 46, 2, 1, '400', 4, '2021-09-27 16:38:06'),
(543, 46, 3, 1, '560', 5, '2021-09-27 16:38:06'),
(544, 46, 4, 1, '456', 4, '2021-09-27 16:38:06'),
(545, 46, 1, 2, '98', 3, '2021-09-27 16:38:06'),
(546, 46, 2, 2, '500', 4, '2021-09-27 16:38:06'),
(547, 46, 3, 2, '6000', 5, '2021-09-27 16:38:06'),
(548, 46, 4, 2, '2', 1, '2021-09-27 16:38:06'),
(549, 46, 1, 3, '6000', 5, '2021-09-27 16:38:06'),
(550, 46, 2, 3, '45', 2, '2021-09-27 16:38:06'),
(551, 46, 3, 3, '568', 5, '2021-09-27 16:38:06'),
(552, 46, 4, 3, '90', 3, '2021-09-27 16:38:06'),
(553, 47, 1, 1, '479', 4, '2021-09-27 16:38:06'),
(554, 47, 2, 1, '500', 4, '2021-09-27 16:38:06'),
(555, 47, 3, 1, '212', 4, '2021-09-27 16:38:06'),
(556, 47, 4, 1, '0', 1, '2021-09-27 16:38:06'),
(557, 47, 1, 2, '500', 4, '2021-09-27 16:38:06'),
(558, 47, 2, 2, '568', 5, '2021-09-27 16:38:06'),
(559, 47, 3, 2, '250', 4, '2021-09-27 16:38:06'),
(560, 47, 4, 2, '6000', 5, '2021-09-27 16:38:06'),
(561, 47, 1, 3, '34', 2, '2021-09-27 16:38:06'),
(562, 47, 2, 3, '212', 4, '2021-09-27 16:38:06'),
(563, 47, 3, 3, '568', 5, '2021-09-27 16:38:06'),
(564, 47, 4, 3, '33', 2, '2021-09-27 16:38:06'),
(565, 48, 1, 1, '300', 4, '2021-09-27 16:38:06'),
(566, 48, 2, 1, '34', 2, '2021-09-27 16:38:06'),
(567, 48, 3, 1, '102', 4, '2021-09-27 16:38:06'),
(568, 48, 4, 1, '500', 4, '2021-09-27 16:38:06'),
(569, 48, 1, 2, '1500', 5, '2021-09-27 16:38:06'),
(570, 48, 2, 2, '1002', 5, '2021-09-27 16:38:06'),
(571, 48, 3, 2, '34', 2, '2021-09-27 16:38:06'),
(572, 48, 4, 2, '700', 5, '2021-09-27 16:38:06'),
(573, 48, 1, 3, '1500', 5, '2021-09-27 16:38:06'),
(574, 48, 2, 3, '23', 2, '2021-09-27 16:38:06'),
(575, 48, 3, 3, '89', 3, '2021-09-27 16:38:06'),
(576, 48, 4, 3, '45', 2, '2021-09-27 16:38:06'),
(577, 49, 1, 1, '212', 4, '2021-09-27 16:38:06'),
(578, 49, 2, 1, '555', 5, '2021-09-27 16:38:06'),
(579, 49, 3, 1, '89', 3, '2021-09-27 16:38:06'),
(580, 49, 4, 1, '456', 4, '2021-09-27 16:38:06'),
(581, 49, 1, 2, '102', 4, '2021-09-27 16:38:06'),
(582, 49, 2, 2, '250', 4, '2021-09-27 16:38:06'),
(583, 49, 3, 2, '6000', 5, '2021-09-27 16:38:06'),
(584, 49, 4, 2, '500', 4, '2021-09-27 16:38:06'),
(585, 49, 1, 3, '500', 4, '2021-09-27 16:38:06'),
(586, 49, 2, 3, '500', 4, '2021-09-27 16:38:06'),
(587, 49, 3, 3, '1500', 5, '2021-09-27 16:38:06'),
(588, 49, 4, 3, '400', 4, '2021-09-27 16:38:06'),
(589, 50, 1, 1, '6000', 5, '2021-09-27 16:38:06'),
(590, 50, 2, 1, '98', 3, '2021-09-27 16:38:06'),
(591, 50, 3, 1, '456', 4, '2021-09-27 16:38:06'),
(592, 50, 4, 1, '400', 4, '2021-09-27 16:38:06'),
(593, 50, 1, 2, '49', 2, '2021-09-27 16:38:06'),
(594, 50, 2, 2, '21', 2, '2021-09-27 16:38:06'),
(595, 50, 3, 2, '0', 1, '2021-09-27 16:38:06'),
(596, 50, 4, 2, '2', 1, '2021-09-27 16:38:06'),
(597, 50, 1, 3, '212', 4, '2021-09-27 16:38:06'),
(598, 50, 2, 3, '98', 3, '2021-09-27 16:38:06'),
(599, 50, 3, 3, '560', 5, '2021-09-27 16:38:06'),
(600, 50, 4, 3, '38', 2, '2021-09-27 16:38:06'),
(601, 51, 1, 1, '0', 1, '2021-09-27 16:38:06'),
(602, 51, 2, 1, '250', 4, '2021-09-27 16:38:06'),
(603, 51, 3, 1, '374', 4, '2021-09-27 16:38:06'),
(604, 51, 4, 1, '38', 2, '2021-09-27 16:38:06'),
(605, 51, 1, 2, '568', 5, '2021-09-27 16:38:06'),
(606, 51, 2, 2, '200', 4, '2021-09-27 16:38:06'),
(607, 51, 3, 2, '1500', 5, '2021-09-27 16:38:06'),
(608, 51, 4, 2, '23', 2, '2021-09-27 16:38:06'),
(609, 51, 1, 3, '38', 2, '2021-09-27 16:38:06'),
(610, 51, 2, 3, '49', 2, '2021-09-27 16:38:06'),
(611, 51, 3, 3, '150', 4, '2021-09-27 16:38:06'),
(612, 51, 4, 3, '33', 2, '2021-09-27 16:38:06'),
(613, 52, 1, 1, '150', 4, '2021-09-27 16:38:06'),
(614, 52, 2, 1, '89', 3, '2021-09-27 16:38:06'),
(615, 52, 3, 1, '48', 2, '2021-09-27 16:38:06'),
(616, 52, 4, 1, '479', 4, '2021-09-27 16:38:06'),
(617, 52, 1, 2, '2', 1, '2021-09-27 16:38:06'),
(618, 52, 2, 2, '700', 5, '2021-09-27 16:38:06'),
(619, 52, 3, 2, '98', 3, '2021-09-27 16:38:06'),
(620, 52, 4, 2, '90', 3, '2021-09-27 16:38:06'),
(621, 52, 1, 3, '45', 2, '2021-09-27 16:38:06'),
(622, 52, 2, 3, '0', 1, '2021-09-27 16:38:06'),
(623, 52, 3, 3, '6000', 5, '2021-09-27 16:38:06'),
(624, 52, 4, 3, '200', 4, '2021-09-27 16:38:06'),
(625, 53, 1, 1, '250', 4, '2021-09-27 16:38:06'),
(626, 53, 2, 1, '23', 2, '2021-09-27 16:38:06'),
(627, 53, 3, 1, '111', 4, '2021-09-27 16:38:06'),
(628, 53, 4, 1, '212', 4, '2021-09-27 16:38:06'),
(629, 53, 1, 2, '98', 3, '2021-09-27 16:38:06'),
(630, 53, 2, 2, '90', 3, '2021-09-27 16:38:06'),
(631, 53, 3, 2, '212', 4, '2021-09-27 16:38:06'),
(632, 53, 4, 2, '479', 4, '2021-09-27 16:38:06'),
(633, 53, 1, 3, '700', 5, '2021-09-27 16:38:06'),
(634, 53, 2, 3, '0', 1, '2021-09-27 16:38:06'),
(635, 53, 3, 3, '1500', 5, '2021-09-27 16:38:06'),
(636, 53, 4, 3, '500', 4, '2021-09-27 16:38:06'),
(637, 54, 1, 1, '560', 5, '2021-09-27 16:38:06'),
(638, 54, 2, 1, '102', 4, '2021-09-27 16:38:06'),
(639, 54, 3, 1, '90', 3, '2021-09-27 16:38:06'),
(640, 54, 4, 1, '6000', 5, '2021-09-27 16:38:06'),
(641, 54, 1, 2, '374', 4, '2021-09-27 16:38:06'),
(642, 54, 2, 2, '999', 5, '2021-09-27 16:38:06'),
(643, 54, 3, 2, '33', 2, '2021-09-27 16:38:06'),
(644, 54, 4, 2, '6000', 5, '2021-09-27 16:38:06'),
(645, 54, 1, 3, '1500', 5, '2021-09-27 16:38:06'),
(646, 54, 2, 3, '200', 4, '2021-09-27 16:38:06'),
(647, 54, 3, 3, '555', 5, '2021-09-27 16:38:06'),
(648, 54, 4, 3, '200', 4, '2021-09-27 16:38:06'),
(649, 55, 1, 1, '2', 1, '2021-09-27 16:38:06'),
(650, 55, 2, 1, '700', 5, '2021-09-27 16:38:06'),
(651, 55, 3, 1, '23', 2, '2021-09-27 16:38:06'),
(652, 55, 4, 1, '6000', 5, '2021-09-27 16:38:06'),
(653, 55, 1, 2, '111', 4, '2021-09-27 16:38:06'),
(654, 55, 2, 2, '100', 3, '2021-09-27 16:38:06'),
(655, 55, 3, 2, '374', 4, '2021-09-27 16:38:06'),
(656, 55, 4, 2, '2', 1, '2021-09-27 16:38:06'),
(657, 55, 1, 3, '45', 2, '2021-09-27 16:38:06'),
(658, 55, 2, 3, '500', 4, '2021-09-27 16:38:06'),
(659, 55, 3, 3, '102', 4, '2021-09-27 16:38:06'),
(660, 55, 4, 3, '21', 2, '2021-09-27 16:38:06'),
(661, 56, 1, 1, '999', 5, '2021-09-27 16:38:06'),
(662, 56, 2, 1, '700', 5, '2021-09-27 16:38:06'),
(663, 56, 3, 1, '111', 4, '2021-09-27 16:38:06'),
(664, 56, 4, 1, '150', 4, '2021-09-27 16:38:06'),
(665, 56, 1, 2, '49', 2, '2021-09-27 16:38:06'),
(666, 56, 2, 2, '250', 4, '2021-09-27 16:38:06'),
(667, 56, 3, 2, '150', 4, '2021-09-27 16:38:06'),
(668, 56, 4, 2, '456', 4, '2021-09-27 16:38:06'),
(669, 56, 1, 3, '0', 1, '2021-09-27 16:38:06'),
(670, 56, 2, 3, '2', 1, '2021-09-27 16:38:06'),
(671, 56, 3, 3, '479', 4, '2021-09-27 16:38:06'),
(672, 56, 4, 3, '2', 1, '2021-09-27 16:38:06'),
(673, 57, 1, 1, '2', 1, '2021-09-27 16:38:06'),
(674, 57, 2, 1, '98', 3, '2021-09-27 16:38:06'),
(675, 57, 3, 1, '48', 2, '2021-09-27 16:38:06'),
(676, 57, 4, 1, '200', 4, '2021-09-27 16:38:06'),
(677, 57, 1, 2, '98', 3, '2021-09-27 16:38:06'),
(678, 57, 2, 2, '212', 4, '2021-09-27 16:38:06'),
(679, 57, 3, 2, '150', 4, '2021-09-27 16:38:06'),
(680, 57, 4, 2, '1500', 5, '2021-09-27 16:38:06'),
(681, 57, 1, 3, '98', 3, '2021-09-27 16:38:06'),
(682, 57, 2, 3, '500', 4, '2021-09-27 16:38:06'),
(683, 57, 3, 3, '500', 4, '2021-09-27 16:38:06'),
(684, 57, 4, 3, '111', 4, '2021-09-27 16:38:06'),
(685, 58, 1, 1, '374', 4, '2021-09-27 16:38:06'),
(686, 58, 2, 1, '560', 5, '2021-09-27 16:38:06'),
(687, 58, 3, 1, '6000', 5, '2021-09-27 16:38:06'),
(688, 58, 4, 1, '21', 2, '2021-09-27 16:38:06'),
(689, 58, 1, 2, '2', 1, '2021-09-27 16:38:06'),
(690, 58, 2, 2, '33', 2, '2021-09-27 16:38:06'),
(691, 58, 3, 2, '374', 4, '2021-09-27 16:38:06'),
(692, 58, 4, 2, '200', 4, '2021-09-27 16:38:06'),
(693, 58, 1, 3, '1002', 5, '2021-09-27 16:38:06'),
(694, 58, 2, 3, '200', 4, '2021-09-27 16:38:06'),
(695, 58, 3, 3, '33', 2, '2021-09-27 16:38:06'),
(696, 58, 4, 3, '34', 2, '2021-09-27 16:38:06'),
(697, 59, 1, 1, '33', 2, '2021-09-27 16:38:06'),
(698, 59, 2, 1, '300', 4, '2021-09-27 16:38:06'),
(699, 59, 3, 1, '2', 1, '2021-09-27 16:38:06'),
(700, 59, 4, 1, '888', 5, '2021-09-27 16:38:06'),
(701, 59, 1, 2, '48', 2, '2021-09-27 16:38:06'),
(702, 59, 2, 2, '150', 4, '2021-09-27 16:38:06'),
(703, 59, 3, 2, '150', 4, '2021-09-27 16:38:06'),
(704, 59, 4, 2, '48', 2, '2021-09-27 16:38:06'),
(705, 59, 1, 3, '200', 4, '2021-09-27 16:38:06'),
(706, 59, 2, 3, '555', 5, '2021-09-27 16:38:06'),
(707, 59, 3, 3, '212', 4, '2021-09-27 16:38:06'),
(708, 59, 4, 3, '1002', 5, '2021-09-27 16:38:06'),
(709, 60, 1, 1, '479', 4, '2021-09-27 16:38:06'),
(710, 60, 2, 1, '200', 4, '2021-09-27 16:38:06'),
(711, 60, 3, 1, '500', 4, '2021-09-27 16:38:06'),
(712, 60, 4, 1, '102', 4, '2021-09-27 16:38:06'),
(713, 60, 1, 2, '150', 4, '2021-09-27 16:38:06'),
(714, 60, 2, 2, '212', 4, '2021-09-27 16:38:06'),
(715, 60, 3, 2, '49', 2, '2021-09-27 16:38:06'),
(716, 60, 4, 2, '300', 4, '2021-09-27 16:38:06'),
(717, 60, 1, 3, '888', 5, '2021-09-27 16:38:06'),
(718, 60, 2, 3, '700', 5, '2021-09-27 16:38:06'),
(719, 60, 3, 3, '1500', 5, '2021-09-27 16:38:06'),
(720, 60, 4, 3, '38', 2, '2021-09-27 16:38:06'),
(721, 61, 1, 1, '111', 4, '2021-09-27 16:38:06'),
(722, 61, 2, 1, '150', 4, '2021-09-27 16:38:06'),
(723, 61, 3, 1, '479', 4, '2021-09-27 16:38:06'),
(724, 61, 4, 1, '111', 4, '2021-09-27 16:38:06'),
(725, 61, 1, 2, '48', 2, '2021-09-27 16:38:06'),
(726, 61, 2, 2, '568', 5, '2021-09-27 16:38:06'),
(727, 61, 3, 2, '0', 1, '2021-09-27 16:38:06'),
(728, 61, 4, 2, '48', 2, '2021-09-27 16:38:06'),
(729, 61, 1, 3, '38', 2, '2021-09-27 16:38:06'),
(730, 61, 2, 3, '49', 2, '2021-09-27 16:38:06'),
(731, 61, 3, 3, '34', 2, '2021-09-27 16:38:06'),
(732, 61, 4, 3, '700', 5, '2021-09-27 16:38:06'),
(733, 62, 1, 1, '150', 4, '2021-09-27 16:38:06'),
(734, 62, 2, 1, '6000', 5, '2021-09-27 16:38:06'),
(735, 62, 3, 1, '150', 4, '2021-09-27 16:38:06'),
(736, 62, 4, 1, '48', 2, '2021-09-27 16:38:06'),
(737, 62, 1, 2, '1500', 5, '2021-09-27 16:38:06'),
(738, 62, 2, 2, '300', 4, '2021-09-27 16:38:06'),
(739, 62, 3, 2, '374', 4, '2021-09-27 16:38:06'),
(740, 62, 4, 2, '300', 4, '2021-09-27 16:38:06'),
(741, 62, 1, 3, '111', 4, '2021-09-27 16:38:06'),
(742, 62, 2, 3, '6000', 5, '2021-09-27 16:38:06'),
(743, 62, 3, 3, '555', 5, '2021-09-27 16:38:06'),
(744, 62, 4, 3, '49', 2, '2021-09-27 16:38:06'),
(745, 63, 1, 1, '150', 4, '2021-09-27 16:38:06'),
(746, 63, 2, 1, '23', 2, '2021-09-27 16:38:06'),
(747, 63, 3, 1, '111', 4, '2021-09-27 16:38:06'),
(748, 63, 4, 1, '1002', 5, '2021-09-27 16:38:06'),
(749, 63, 1, 2, '700', 5, '2021-09-27 16:38:06'),
(750, 63, 2, 2, '102', 4, '2021-09-27 16:38:06'),
(751, 63, 3, 2, '888', 5, '2021-09-27 16:38:06'),
(752, 63, 4, 2, '6000', 5, '2021-09-27 16:38:06'),
(753, 63, 1, 3, '2', 1, '2021-09-27 16:38:06'),
(754, 63, 2, 3, '479', 4, '2021-09-27 16:38:06'),
(755, 63, 3, 3, '49', 2, '2021-09-27 16:38:06'),
(756, 63, 4, 3, '1500', 5, '2021-09-27 16:38:06'),
(757, 64, 1, 1, '38', 2, '2021-09-27 16:38:06'),
(758, 64, 2, 1, '150', 4, '2021-09-27 16:38:06'),
(759, 64, 3, 1, '999', 5, '2021-09-27 16:38:06'),
(760, 64, 4, 1, '48', 2, '2021-09-27 16:38:06'),
(761, 64, 1, 2, '374', 4, '2021-09-27 16:38:06'),
(762, 64, 2, 2, '1500', 5, '2021-09-27 16:38:06'),
(763, 64, 3, 2, '479', 4, '2021-09-27 16:38:06'),
(764, 64, 4, 2, '2', 1, '2021-09-27 16:38:06'),
(765, 64, 1, 3, '700', 5, '2021-09-27 16:38:06'),
(766, 64, 2, 3, '200', 4, '2021-09-27 16:38:06'),
(767, 64, 3, 3, '49', 2, '2021-09-27 16:38:06'),
(768, 64, 4, 3, '700', 5, '2021-09-27 16:38:06'),
(769, 65, 1, 1, '89', 3, '2021-09-27 16:38:06'),
(770, 65, 2, 1, '102', 4, '2021-09-27 16:38:06'),
(771, 65, 3, 1, '1002', 5, '2021-09-27 16:38:06'),
(772, 65, 4, 1, '38', 2, '2021-09-27 16:38:06'),
(773, 65, 1, 2, '34', 2, '2021-09-27 16:38:06'),
(774, 65, 2, 2, '6000', 5, '2021-09-27 16:38:06'),
(775, 65, 3, 2, '89', 3, '2021-09-27 16:38:06'),
(776, 65, 4, 2, '2', 1, '2021-09-27 16:38:06'),
(777, 65, 1, 3, '45', 2, '2021-09-27 16:38:06'),
(778, 65, 2, 3, '999', 5, '2021-09-27 16:38:06'),
(779, 65, 3, 3, '300', 4, '2021-09-27 16:38:06'),
(780, 65, 4, 3, '456', 4, '2021-09-27 16:38:06'),
(781, 66, 1, 1, '98', 3, '2021-09-27 16:38:06'),
(782, 66, 2, 1, '500', 4, '2021-09-27 16:38:06'),
(783, 66, 3, 1, '6000', 5, '2021-09-27 16:38:06'),
(784, 66, 4, 1, '456', 4, '2021-09-27 16:38:06'),
(785, 66, 1, 2, '150', 4, '2021-09-27 16:38:06'),
(786, 66, 2, 2, '90', 3, '2021-09-27 16:38:06'),
(787, 66, 3, 2, '200', 4, '2021-09-27 16:38:06'),
(788, 66, 4, 2, '38', 2, '2021-09-27 16:38:06'),
(789, 66, 1, 3, '90', 3, '2021-09-27 16:38:06'),
(790, 66, 2, 3, '49', 2, '2021-09-27 16:38:06'),
(791, 66, 3, 3, '888', 5, '2021-09-27 16:38:06'),
(792, 66, 4, 3, '111', 4, '2021-09-27 16:38:06'),
(793, 67, 1, 1, '500', 4, '2021-09-27 16:38:06'),
(794, 67, 2, 1, '2', 1, '2021-09-27 16:38:06'),
(795, 67, 3, 1, '6000', 5, '2021-09-27 16:38:06'),
(796, 67, 4, 1, '250', 4, '2021-09-27 16:38:06'),
(797, 67, 1, 2, '212', 4, '2021-09-27 16:38:06'),
(798, 67, 2, 2, '6000', 5, '2021-09-27 16:38:06'),
(799, 67, 3, 2, '2', 1, '2021-09-27 16:38:06'),
(800, 67, 4, 2, '45', 2, '2021-09-27 16:38:06'),
(801, 67, 1, 3, '33', 2, '2021-09-27 16:38:06'),
(802, 67, 2, 3, '560', 5, '2021-09-27 16:38:06'),
(803, 67, 3, 3, '48', 2, '2021-09-27 16:38:06'),
(804, 67, 4, 3, '200', 4, '2021-09-27 16:38:06'),
(805, 68, 1, 1, '23', 2, '2021-09-27 16:38:06'),
(806, 68, 2, 1, '98', 3, '2021-09-27 16:38:06'),
(807, 68, 3, 1, '560', 5, '2021-09-27 16:38:06'),
(808, 68, 4, 1, '98', 3, '2021-09-27 16:38:06'),
(809, 68, 1, 2, '700', 5, '2021-09-27 16:38:06'),
(810, 68, 2, 2, '1002', 5, '2021-09-27 16:38:06'),
(811, 68, 3, 2, '98', 3, '2021-09-27 16:38:06'),
(812, 68, 4, 2, '500', 4, '2021-09-27 16:38:06'),
(813, 68, 1, 3, '700', 5, '2021-09-27 16:38:06'),
(814, 68, 2, 3, '34', 2, '2021-09-27 16:38:06'),
(815, 68, 3, 3, '111', 4, '2021-09-27 16:38:06'),
(816, 68, 4, 3, '479', 4, '2021-09-27 16:38:06'),
(817, 69, 1, 1, '888', 5, '2021-09-27 16:38:06'),
(818, 69, 2, 1, '6000', 5, '2021-09-27 16:38:06'),
(819, 69, 3, 1, '212', 4, '2021-09-27 16:38:06'),
(820, 69, 4, 1, '555', 5, '2021-09-27 16:38:06'),
(821, 69, 1, 2, '48', 2, '2021-09-27 16:38:06'),
(822, 69, 2, 2, '200', 4, '2021-09-27 16:38:06'),
(823, 69, 3, 2, '38', 2, '2021-09-27 16:38:06'),
(824, 69, 4, 2, '150', 4, '2021-09-27 16:38:06'),
(825, 69, 1, 3, '45', 2, '2021-09-27 16:38:06'),
(826, 69, 2, 3, '479', 4, '2021-09-27 16:38:06'),
(827, 69, 3, 3, '34', 2, '2021-09-27 16:38:06'),
(828, 69, 4, 3, '2', 1, '2021-09-27 16:38:06'),
(829, 70, 1, 1, '150', 4, '2021-09-27 16:38:06'),
(830, 70, 2, 1, '2', 1, '2021-09-27 16:38:06'),
(831, 70, 3, 1, '374', 4, '2021-09-27 16:38:06'),
(832, 70, 4, 1, '1500', 5, '2021-09-27 16:38:06'),
(833, 70, 1, 2, '2', 1, '2021-09-27 16:38:06'),
(834, 70, 2, 2, '200', 4, '2021-09-27 16:38:06'),
(835, 70, 3, 2, '102', 4, '2021-09-27 16:38:06'),
(836, 70, 4, 2, '38', 2, '2021-09-27 16:38:06'),
(837, 70, 1, 3, '45', 2, '2021-09-27 16:38:06'),
(838, 70, 2, 3, '200', 4, '2021-09-27 16:38:06'),
(839, 70, 3, 3, '102', 4, '2021-09-27 16:38:06'),
(840, 70, 4, 3, '568', 5, '2021-09-27 16:38:06'),
(841, 71, 1, 1, '0', 1, '2021-09-27 16:38:06'),
(842, 71, 2, 1, '98', 3, '2021-09-27 16:38:06'),
(843, 71, 3, 1, '2', 1, '2021-09-27 16:38:06'),
(844, 71, 4, 1, '700', 5, '2021-09-27 16:38:06'),
(845, 71, 1, 2, '479', 4, '2021-09-27 16:38:06'),
(846, 71, 2, 2, '1500', 5, '2021-09-27 16:38:06'),
(847, 71, 3, 2, '2', 1, '2021-09-27 16:38:06'),
(848, 71, 4, 2, '150', 4, '2021-09-27 16:38:06'),
(849, 71, 1, 3, '38', 2, '2021-09-27 16:38:06'),
(850, 71, 2, 3, '1002', 5, '2021-09-27 16:38:06'),
(851, 71, 3, 3, '560', 5, '2021-09-27 16:38:06'),
(852, 71, 4, 3, '374', 4, '2021-09-27 16:38:06'),
(853, 72, 1, 1, '2', 1, '2021-09-27 16:38:06'),
(854, 72, 2, 1, '479', 4, '2021-09-27 16:38:06'),
(855, 72, 3, 1, '479', 4, '2021-09-27 16:38:06'),
(856, 72, 4, 1, '250', 4, '2021-09-27 16:38:06'),
(857, 72, 1, 2, '21', 2, '2021-09-27 16:38:06'),
(858, 72, 2, 2, '33', 2, '2021-09-27 16:38:06'),
(859, 72, 3, 2, '45', 2, '2021-09-27 16:38:06'),
(860, 72, 4, 2, '98', 3, '2021-09-27 16:38:06'),
(861, 72, 1, 3, '1500', 5, '2021-09-27 16:38:06'),
(862, 72, 2, 3, '23', 2, '2021-09-27 16:38:06'),
(863, 72, 3, 3, '90', 3, '2021-09-27 16:38:06'),
(864, 72, 4, 3, '212', 4, '2021-09-27 16:38:06'),
(865, 73, 1, 1, '500', 4, '2021-09-27 16:38:06'),
(866, 73, 2, 1, '479', 4, '2021-09-27 16:38:06'),
(867, 73, 3, 1, '33', 2, '2021-09-27 16:38:06'),
(868, 73, 4, 1, '500', 4, '2021-09-27 16:38:06'),
(869, 73, 1, 2, '98', 3, '2021-09-27 16:38:06'),
(870, 73, 2, 2, '0', 1, '2021-09-27 16:38:06'),
(871, 73, 3, 2, '999', 5, '2021-09-27 16:38:06'),
(872, 73, 4, 2, '150', 4, '2021-09-27 16:38:06'),
(873, 73, 1, 3, '700', 5, '2021-09-27 16:38:06'),
(874, 73, 2, 3, '1002', 5, '2021-09-27 16:38:06'),
(875, 73, 3, 3, '999', 5, '2021-09-27 16:38:06'),
(876, 73, 4, 3, '6000', 5, '2021-09-27 16:38:06'),
(877, 74, 1, 1, '45', 2, '2021-09-27 16:38:06'),
(878, 74, 2, 1, '48', 2, '2021-09-27 16:38:06'),
(879, 74, 3, 1, '98', 3, '2021-09-27 16:38:06'),
(880, 74, 4, 1, '479', 4, '2021-09-27 16:38:06'),
(881, 74, 1, 2, '34', 2, '2021-09-27 16:38:06'),
(882, 74, 2, 2, '1500', 5, '2021-09-27 16:38:06'),
(883, 74, 3, 2, '560', 5, '2021-09-27 16:38:06'),
(884, 74, 4, 2, '300', 4, '2021-09-27 16:38:06'),
(885, 74, 1, 3, '300', 4, '2021-09-27 16:38:06'),
(886, 74, 2, 3, '212', 4, '2021-09-27 16:38:06'),
(887, 74, 3, 3, '2', 1, '2021-09-27 16:38:06'),
(888, 74, 4, 3, '212', 4, '2021-09-27 16:38:06'),
(889, 75, 1, 1, '560', 5, '2021-09-27 16:38:06'),
(890, 75, 2, 1, '560', 5, '2021-09-27 16:38:06'),
(891, 75, 3, 1, '568', 5, '2021-09-27 16:38:06'),
(892, 75, 4, 1, '200', 4, '2021-09-27 16:38:06'),
(893, 75, 1, 2, '2', 1, '2021-09-27 16:38:06'),
(894, 75, 2, 2, '999', 5, '2021-09-27 16:38:06'),
(895, 75, 3, 2, '479', 4, '2021-09-27 16:38:06'),
(896, 75, 4, 2, '479', 4, '2021-09-27 16:38:06'),
(897, 75, 1, 3, '200', 4, '2021-09-27 16:38:06'),
(898, 75, 2, 3, '1500', 5, '2021-09-27 16:38:06'),
(899, 75, 3, 3, '500', 4, '2021-09-27 16:38:06'),
(900, 75, 4, 3, '250', 4, '2021-09-27 16:38:06'),
(901, 76, 1, 1, '212', 4, '2021-09-27 16:38:06'),
(902, 76, 2, 1, '212', 4, '2021-09-27 16:38:06'),
(903, 76, 3, 1, '6000', 5, '2021-09-27 16:38:06'),
(904, 76, 4, 1, '6000', 5, '2021-09-27 16:38:06'),
(905, 76, 1, 2, '560', 5, '2021-09-27 16:38:06'),
(906, 76, 2, 2, '21', 2, '2021-09-27 16:38:06'),
(907, 76, 3, 2, '100', 3, '2021-09-27 16:38:06'),
(908, 76, 4, 2, '568', 5, '2021-09-27 16:38:06'),
(909, 76, 1, 3, '23', 2, '2021-09-27 16:38:06'),
(910, 76, 2, 3, '500', 4, '2021-09-27 16:38:06'),
(911, 76, 3, 3, '700', 5, '2021-09-27 16:38:06'),
(912, 76, 4, 3, '479', 4, '2021-09-27 16:38:06'),
(913, 77, 1, 1, '374', 4, '2021-09-27 16:38:06'),
(914, 77, 2, 1, '100', 3, '2021-09-27 16:38:06'),
(915, 77, 3, 1, '1500', 5, '2021-09-27 16:38:06'),
(916, 77, 4, 1, '999', 5, '2021-09-27 16:38:06'),
(917, 77, 1, 2, '48', 2, '2021-09-27 16:38:06'),
(918, 77, 2, 2, '2', 1, '2021-09-27 16:38:06'),
(919, 77, 3, 2, '456', 4, '2021-09-27 16:38:06'),
(920, 77, 4, 2, '212', 4, '2021-09-27 16:38:06'),
(921, 77, 1, 3, '456', 4, '2021-09-27 16:38:06'),
(922, 77, 2, 3, '98', 3, '2021-09-27 16:38:06'),
(923, 77, 3, 3, '90', 3, '2021-09-27 16:38:06'),
(924, 77, 4, 3, '2', 1, '2021-09-27 16:38:06'),
(925, 78, 1, 1, '568', 5, '2021-09-27 16:38:06'),
(926, 78, 2, 1, '212', 4, '2021-09-27 16:38:06'),
(927, 78, 3, 1, '33', 2, '2021-09-27 16:38:06'),
(928, 78, 4, 1, '49', 2, '2021-09-27 16:38:06'),
(929, 78, 1, 2, '6000', 5, '2021-09-27 16:38:06'),
(930, 78, 2, 2, '38', 2, '2021-09-27 16:38:06'),
(931, 78, 3, 2, '212', 4, '2021-09-27 16:38:06'),
(932, 78, 4, 2, '0', 1, '2021-09-27 16:38:06'),
(933, 78, 1, 3, '102', 4, '2021-09-27 16:38:06'),
(934, 78, 2, 3, '500', 4, '2021-09-27 16:38:06'),
(935, 78, 3, 3, '6000', 5, '2021-09-27 16:38:06'),
(936, 78, 4, 3, '90', 3, '2021-09-27 16:38:06'),
(937, 79, 1, 1, '400', 4, '2021-09-27 16:38:06'),
(938, 79, 2, 1, '200', 4, '2021-09-27 16:38:06'),
(939, 79, 3, 1, '456', 4, '2021-09-27 16:38:06'),
(940, 79, 4, 1, '111', 4, '2021-09-27 16:38:06'),
(941, 79, 1, 2, '33', 2, '2021-09-27 16:38:06'),
(942, 79, 2, 2, '6000', 5, '2021-09-27 16:38:06'),
(943, 79, 3, 2, '48', 2, '2021-09-27 16:38:06'),
(944, 79, 4, 2, '479', 4, '2021-09-27 16:38:06'),
(945, 79, 1, 3, '6000', 5, '2021-09-27 16:38:06'),
(946, 79, 2, 3, '500', 4, '2021-09-27 16:38:06'),
(947, 79, 3, 3, '1500', 5, '2021-09-27 16:38:06'),
(948, 79, 4, 3, '400', 4, '2021-09-27 16:38:06'),
(949, 80, 1, 1, '48', 2, '2021-09-27 16:38:06'),
(950, 80, 2, 1, '400', 4, '2021-09-27 16:38:06'),
(951, 80, 3, 1, '700', 5, '2021-09-27 16:38:06'),
(952, 80, 4, 1, '500', 4, '2021-09-27 16:38:06'),
(953, 80, 1, 2, '1002', 5, '2021-09-27 16:38:06'),
(954, 80, 2, 2, '700', 5, '2021-09-27 16:38:06'),
(955, 80, 3, 2, '34', 2, '2021-09-27 16:38:06'),
(956, 80, 4, 2, '0', 1, '2021-09-27 16:38:06'),
(957, 80, 1, 3, '555', 5, '2021-09-27 16:38:06'),
(958, 80, 2, 3, '568', 5, '2021-09-27 16:38:06'),
(959, 80, 3, 3, '48', 2, '2021-09-27 16:38:06'),
(960, 80, 4, 3, '500', 4, '2021-09-27 16:38:06'),
(961, 81, 1, 1, '500', 4, '2021-09-27 16:38:06'),
(962, 81, 2, 1, '250', 4, '2021-09-27 16:38:06'),
(963, 81, 3, 1, '33', 2, '2021-09-27 16:38:06'),
(964, 81, 4, 1, '300', 4, '2021-09-27 16:38:06'),
(965, 81, 1, 2, '999', 5, '2021-09-27 16:38:06'),
(966, 81, 2, 2, '560', 5, '2021-09-27 16:38:06'),
(967, 81, 3, 2, '34', 2, '2021-09-27 16:38:06'),
(968, 81, 4, 2, '479', 4, '2021-09-27 16:38:06'),
(969, 81, 1, 3, '200', 4, '2021-09-27 16:38:06'),
(970, 81, 2, 3, '49', 2, '2021-09-27 16:38:06'),
(971, 81, 3, 3, '1500', 5, '2021-09-27 16:38:06'),
(972, 81, 4, 3, '568', 5, '2021-09-27 16:38:06'),
(973, 82, 1, 1, '45', 2, '2021-09-27 16:38:06'),
(974, 82, 2, 1, '90', 3, '2021-09-27 16:38:06'),
(975, 82, 3, 1, '6000', 5, '2021-09-27 16:38:06'),
(976, 82, 4, 1, '479', 4, '2021-09-27 16:38:06'),
(977, 82, 1, 2, '150', 4, '2021-09-27 16:38:06'),
(978, 82, 2, 2, '700', 5, '2021-09-27 16:38:06'),
(979, 82, 3, 2, '555', 5, '2021-09-27 16:38:06'),
(980, 82, 4, 2, '400', 4, '2021-09-27 16:38:06'),
(981, 82, 1, 3, '212', 4, '2021-09-27 16:38:06'),
(982, 82, 2, 3, '700', 5, '2021-09-27 16:38:06'),
(983, 82, 3, 3, '250', 4, '2021-09-27 16:38:06'),
(984, 82, 4, 3, '0', 1, '2021-09-27 16:38:06'),
(985, 83, 1, 1, '212', 4, '2021-09-27 16:38:06'),
(986, 83, 2, 1, '212', 4, '2021-09-27 16:38:06'),
(987, 83, 3, 1, '300', 4, '2021-09-27 16:38:06'),
(988, 83, 4, 1, '98', 3, '2021-09-27 16:38:06'),
(989, 83, 1, 2, '568', 5, '2021-09-27 16:38:06'),
(990, 83, 2, 2, '700', 5, '2021-09-27 16:38:06'),
(991, 83, 3, 2, '456', 4, '2021-09-27 16:38:06'),
(992, 83, 4, 2, '568', 5, '2021-09-27 16:38:06'),
(993, 83, 1, 3, '1500', 5, '2021-09-27 16:38:06'),
(994, 83, 2, 3, '212', 4, '2021-09-27 16:38:06'),
(995, 83, 3, 3, '48', 2, '2021-09-27 16:38:06'),
(996, 83, 4, 3, '212', 4, '2021-09-27 16:38:06'),
(997, 84, 1, 1, '1500', 5, '2021-09-27 16:38:06'),
(998, 84, 2, 1, '374', 4, '2021-09-27 16:38:06'),
(999, 84, 3, 1, '38', 2, '2021-09-27 16:38:06'),
(1000, 84, 4, 1, '2', 1, '2021-09-27 16:38:06'),
(1001, 84, 1, 2, '456', 4, '2021-09-27 16:38:06'),
(1002, 84, 2, 2, '1500', 5, '2021-09-27 16:38:06'),
(1003, 84, 3, 2, '212', 4, '2021-09-27 16:38:06'),
(1004, 84, 4, 2, '34', 2, '2021-09-27 16:38:06'),
(1005, 84, 1, 3, '111', 4, '2021-09-27 16:38:06'),
(1006, 84, 2, 3, '212', 4, '2021-09-27 16:38:06'),
(1007, 84, 3, 3, '34', 2, '2021-09-27 16:38:06'),
(1008, 84, 4, 3, '150', 4, '2021-09-27 16:38:06'),
(1009, 85, 1, 1, '568', 5, '2021-09-27 16:38:06'),
(1010, 85, 2, 1, '45', 2, '2021-09-27 16:38:06'),
(1011, 85, 3, 1, '45', 2, '2021-09-27 16:38:06'),
(1012, 85, 4, 1, '6000', 5, '2021-09-27 16:38:06'),
(1013, 85, 1, 2, '456', 4, '2021-09-27 16:38:06'),
(1014, 85, 2, 2, '98', 3, '2021-09-27 16:38:06'),
(1015, 85, 3, 2, '568', 5, '2021-09-27 16:38:06'),
(1016, 85, 4, 2, '560', 5, '2021-09-27 16:38:06'),
(1017, 85, 1, 3, '1500', 5, '2021-09-27 16:38:06'),
(1018, 85, 2, 3, '200', 4, '2021-09-27 16:38:06'),
(1019, 85, 3, 3, '560', 5, '2021-09-27 16:38:06'),
(1020, 85, 4, 3, '21', 2, '2021-09-27 16:38:06'),
(1021, 86, 1, 1, '479', 4, '2021-09-27 16:38:06'),
(1022, 86, 2, 1, '250', 4, '2021-09-27 16:38:06'),
(1023, 86, 3, 1, '98', 3, '2021-09-27 16:38:06'),
(1024, 86, 4, 1, '479', 4, '2021-09-27 16:38:06'),
(1025, 86, 1, 2, '89', 3, '2021-09-27 16:38:06'),
(1026, 86, 2, 2, '38', 2, '2021-09-27 16:38:06'),
(1027, 86, 3, 2, '1500', 5, '2021-09-27 16:38:06'),
(1028, 86, 4, 2, '568', 5, '2021-09-27 16:38:06'),
(1029, 86, 1, 3, '34', 2, '2021-09-27 16:38:06'),
(1030, 86, 2, 3, '6000', 5, '2021-09-27 16:38:06'),
(1031, 86, 3, 3, '98', 3, '2021-09-27 16:38:06'),
(1032, 86, 4, 3, '500', 4, '2021-09-27 16:38:06'),
(1033, 87, 1, 1, '111', 4, '2021-09-27 16:38:06'),
(1034, 87, 2, 1, '33', 2, '2021-09-27 16:38:06'),
(1035, 87, 3, 1, '100', 3, '2021-09-27 16:38:06'),
(1036, 87, 4, 1, '0', 1, '2021-09-27 16:38:06'),
(1037, 87, 1, 2, '33', 2, '2021-09-27 16:38:06'),
(1038, 87, 2, 2, '90', 3, '2021-09-27 16:38:06'),
(1039, 87, 3, 2, '150', 4, '2021-09-27 16:38:06'),
(1040, 87, 4, 2, '111', 4, '2021-09-27 16:38:06'),
(1041, 87, 1, 3, '555', 5, '2021-09-27 16:38:06'),
(1042, 87, 2, 3, '21', 2, '2021-09-27 16:38:06'),
(1043, 87, 3, 3, '150', 4, '2021-09-27 16:38:06'),
(1044, 87, 4, 3, '102', 4, '2021-09-27 16:38:06'),
(1045, 88, 1, 1, '34', 2, '2021-09-27 16:38:06'),
(1046, 88, 2, 1, '568', 5, '2021-09-27 16:38:06'),
(1047, 88, 3, 1, '49', 2, '2021-09-27 16:38:06'),
(1048, 88, 4, 1, '2', 1, '2021-09-27 16:38:06');
INSERT INTO `weeklyintensities` (`weekint_id`, `weekint_ward`, `weekint_week`, `weekint_month`, `weekint_mm`, `weekint_classifier`, `last_created`) VALUES
(1049, 88, 1, 2, '98', 3, '2021-09-27 16:38:06'),
(1050, 88, 2, 2, '2', 1, '2021-09-27 16:38:06'),
(1051, 88, 3, 2, '90', 3, '2021-09-27 16:38:06'),
(1052, 88, 4, 2, '98', 3, '2021-09-27 16:38:06'),
(1053, 88, 1, 3, '500', 4, '2021-09-27 16:38:06'),
(1054, 88, 2, 3, '555', 5, '2021-09-27 16:38:06'),
(1055, 88, 3, 3, '1500', 5, '2021-09-27 16:38:06'),
(1056, 88, 4, 3, '456', 4, '2021-09-27 16:38:06'),
(1057, 89, 1, 1, '48', 2, '2021-09-27 16:38:06'),
(1058, 89, 2, 1, '34', 2, '2021-09-27 16:38:06'),
(1059, 89, 3, 1, '700', 5, '2021-09-27 16:38:06'),
(1060, 89, 4, 1, '23', 2, '2021-09-27 16:38:06'),
(1061, 89, 1, 2, '49', 2, '2021-09-27 16:38:06'),
(1062, 89, 2, 2, '456', 4, '2021-09-27 16:38:06'),
(1063, 89, 3, 2, '212', 4, '2021-09-27 16:38:06'),
(1064, 89, 4, 2, '49', 2, '2021-09-27 16:38:06'),
(1065, 89, 1, 3, '250', 4, '2021-09-27 16:38:06'),
(1066, 89, 2, 3, '700', 5, '2021-09-27 16:38:06'),
(1067, 89, 3, 3, '6000', 5, '2021-09-27 16:38:06'),
(1068, 89, 4, 3, '33', 2, '2021-09-27 16:38:06'),
(1069, 90, 1, 1, '700', 5, '2021-09-27 16:38:06'),
(1070, 90, 2, 1, '2', 1, '2021-09-27 16:38:06'),
(1071, 90, 3, 1, '560', 5, '2021-09-27 16:38:06'),
(1072, 90, 4, 1, '90', 3, '2021-09-27 16:38:06'),
(1073, 90, 1, 2, '700', 5, '2021-09-27 16:38:06'),
(1074, 90, 2, 2, '33', 2, '2021-09-27 16:38:06'),
(1075, 90, 3, 2, '999', 5, '2021-09-27 16:38:06'),
(1076, 90, 4, 2, '6000', 5, '2021-09-27 16:38:06'),
(1077, 90, 1, 3, '200', 4, '2021-09-27 16:38:06'),
(1078, 90, 2, 3, '45', 2, '2021-09-27 16:38:06'),
(1079, 90, 3, 3, '90', 3, '2021-09-27 16:38:06'),
(1080, 90, 4, 3, '400', 4, '2021-09-27 16:38:06'),
(1081, 91, 1, 1, '98', 3, '2021-09-27 16:38:06'),
(1082, 91, 2, 1, '250', 4, '2021-09-27 16:38:06'),
(1083, 91, 3, 1, '400', 4, '2021-09-27 16:38:06'),
(1084, 91, 4, 1, '90', 3, '2021-09-27 16:38:06'),
(1085, 91, 1, 2, '212', 4, '2021-09-27 16:38:06'),
(1086, 91, 2, 2, '6000', 5, '2021-09-27 16:38:06'),
(1087, 91, 3, 2, '400', 4, '2021-09-27 16:38:06'),
(1088, 91, 4, 2, '33', 2, '2021-09-27 16:38:06'),
(1089, 91, 1, 3, '38', 2, '2021-09-27 16:38:06'),
(1090, 91, 2, 3, '33', 2, '2021-09-27 16:38:06'),
(1091, 91, 3, 3, '479', 4, '2021-09-27 16:38:06'),
(1092, 91, 4, 3, '48', 2, '2021-09-27 16:38:06'),
(1093, 92, 1, 1, '49', 2, '2021-09-27 16:38:06'),
(1094, 92, 2, 1, '212', 4, '2021-09-27 16:38:06'),
(1095, 92, 3, 1, '250', 4, '2021-09-27 16:38:06'),
(1096, 92, 4, 1, '23', 2, '2021-09-27 16:38:06'),
(1097, 92, 1, 2, '999', 5, '2021-09-27 16:38:06'),
(1098, 92, 2, 2, '150', 4, '2021-09-27 16:38:06'),
(1099, 92, 3, 2, '90', 3, '2021-09-27 16:38:06'),
(1100, 92, 4, 2, '23', 2, '2021-09-27 16:38:06'),
(1101, 92, 1, 3, '90', 3, '2021-09-27 16:38:06'),
(1102, 92, 2, 3, '300', 4, '2021-09-27 16:38:06'),
(1103, 92, 3, 3, '200', 4, '2021-09-27 16:38:06'),
(1104, 92, 4, 3, '500', 4, '2021-09-27 16:38:06'),
(1105, 93, 1, 1, '300', 4, '2021-09-27 16:38:06'),
(1106, 93, 2, 1, '374', 4, '2021-09-27 16:38:06'),
(1107, 93, 3, 1, '45', 2, '2021-09-27 16:38:06'),
(1108, 93, 4, 1, '888', 5, '2021-09-27 16:38:06'),
(1109, 93, 1, 2, '212', 4, '2021-09-27 16:38:06'),
(1110, 93, 2, 2, '479', 4, '2021-09-27 16:38:06'),
(1111, 93, 3, 2, '6000', 5, '2021-09-27 16:38:06'),
(1112, 93, 4, 2, '0', 1, '2021-09-27 16:38:06'),
(1113, 93, 1, 3, '98', 3, '2021-09-27 16:38:06'),
(1114, 93, 2, 3, '479', 4, '2021-09-27 16:38:06'),
(1115, 93, 3, 3, '374', 4, '2021-09-27 16:38:06'),
(1116, 93, 4, 3, '374', 4, '2021-09-27 16:38:06'),
(1117, 94, 1, 1, '90', 3, '2021-09-27 16:38:06'),
(1118, 94, 2, 1, '212', 4, '2021-09-27 16:38:06'),
(1119, 94, 3, 1, '250', 4, '2021-09-27 16:38:06'),
(1120, 94, 4, 1, '212', 4, '2021-09-27 16:38:06'),
(1121, 94, 1, 2, '250', 4, '2021-09-27 16:38:06'),
(1122, 94, 2, 2, '212', 4, '2021-09-27 16:38:06'),
(1123, 94, 3, 2, '888', 5, '2021-09-27 16:38:06'),
(1124, 94, 4, 2, '300', 4, '2021-09-27 16:38:06'),
(1125, 94, 1, 3, '212', 4, '2021-09-27 16:38:06'),
(1126, 94, 2, 3, '560', 5, '2021-09-27 16:38:06'),
(1127, 94, 3, 3, '100', 3, '2021-09-27 16:38:06'),
(1128, 94, 4, 3, '111', 4, '2021-09-27 16:38:06'),
(1129, 95, 1, 1, '45', 2, '2021-09-27 16:38:06'),
(1130, 95, 2, 1, '0', 1, '2021-09-27 16:38:06'),
(1131, 95, 3, 1, '34', 2, '2021-09-27 16:38:06'),
(1132, 95, 4, 1, '700', 5, '2021-09-27 16:38:06'),
(1133, 95, 1, 2, '0', 1, '2021-09-27 16:38:06'),
(1134, 95, 2, 2, '48', 2, '2021-09-27 16:38:06'),
(1135, 95, 3, 2, '111', 4, '2021-09-27 16:38:06'),
(1136, 95, 4, 2, '999', 5, '2021-09-27 16:38:06'),
(1137, 95, 1, 3, '568', 5, '2021-09-27 16:38:06'),
(1138, 95, 2, 3, '1002', 5, '2021-09-27 16:38:06'),
(1139, 95, 3, 3, '456', 4, '2021-09-27 16:38:06'),
(1140, 95, 4, 3, '150', 4, '2021-09-27 16:38:06'),
(1141, 96, 1, 1, '45', 2, '2021-09-27 16:38:06'),
(1142, 96, 2, 1, '21', 2, '2021-09-27 16:38:06'),
(1143, 96, 3, 1, '1002', 5, '2021-09-27 16:38:06'),
(1144, 96, 4, 1, '212', 4, '2021-09-27 16:38:06'),
(1145, 96, 1, 2, '98', 3, '2021-09-27 16:38:06'),
(1146, 96, 2, 2, '999', 5, '2021-09-27 16:38:06'),
(1147, 96, 3, 2, '150', 4, '2021-09-27 16:38:06'),
(1148, 96, 4, 2, '2', 1, '2021-09-27 16:38:06'),
(1149, 96, 1, 3, '555', 5, '2021-09-27 16:38:06'),
(1150, 96, 2, 3, '479', 4, '2021-09-27 16:38:06'),
(1151, 96, 3, 3, '1500', 5, '2021-09-27 16:38:06'),
(1152, 96, 4, 3, '300', 4, '2021-09-27 16:38:06'),
(1153, 97, 1, 1, '1500', 5, '2021-09-27 16:38:06'),
(1154, 97, 2, 1, '45', 2, '2021-09-27 16:38:06'),
(1155, 97, 3, 1, '374', 4, '2021-09-27 16:38:06'),
(1156, 97, 4, 1, '0', 1, '2021-09-27 16:38:06'),
(1157, 97, 1, 2, '300', 4, '2021-09-27 16:38:06'),
(1158, 97, 2, 2, '500', 4, '2021-09-27 16:38:06'),
(1159, 97, 3, 2, '49', 2, '2021-09-27 16:38:06'),
(1160, 97, 4, 2, '212', 4, '2021-09-27 16:38:06'),
(1161, 97, 1, 3, '23', 2, '2021-09-27 16:38:06'),
(1162, 97, 2, 3, '374', 4, '2021-09-27 16:38:06'),
(1163, 97, 3, 3, '700', 5, '2021-09-27 16:38:06'),
(1164, 97, 4, 3, '100', 3, '2021-09-27 16:38:06'),
(1165, 98, 1, 1, '555', 5, '2021-09-27 16:38:06'),
(1166, 98, 2, 1, '1500', 5, '2021-09-27 16:38:06'),
(1167, 98, 3, 1, '2', 1, '2021-09-27 16:38:06'),
(1168, 98, 4, 1, '111', 4, '2021-09-27 16:38:06'),
(1169, 98, 1, 2, '300', 4, '2021-09-27 16:38:06'),
(1170, 98, 2, 2, '49', 2, '2021-09-27 16:38:06'),
(1171, 98, 3, 2, '212', 4, '2021-09-27 16:38:06'),
(1172, 98, 4, 2, '98', 3, '2021-09-27 16:38:06'),
(1173, 98, 1, 3, '98', 3, '2021-09-27 16:38:06'),
(1174, 98, 2, 3, '34', 2, '2021-09-27 16:38:06'),
(1175, 98, 3, 3, '212', 4, '2021-09-27 16:38:06'),
(1176, 98, 4, 3, '150', 4, '2021-09-27 16:38:06'),
(1177, 99, 1, 1, '90', 3, '2021-09-27 16:38:06'),
(1178, 99, 2, 1, '555', 5, '2021-09-27 16:38:06'),
(1179, 99, 3, 1, '2', 1, '2021-09-27 16:38:06'),
(1180, 99, 4, 1, '102', 4, '2021-09-27 16:38:06'),
(1181, 99, 1, 2, '98', 3, '2021-09-27 16:38:06'),
(1182, 99, 2, 2, '102', 4, '2021-09-27 16:38:06'),
(1183, 99, 3, 2, '90', 3, '2021-09-27 16:38:06'),
(1184, 99, 4, 2, '1500', 5, '2021-09-27 16:38:06'),
(1185, 99, 1, 3, '100', 3, '2021-09-27 16:38:06'),
(1186, 99, 2, 3, '560', 5, '2021-09-27 16:38:06'),
(1187, 99, 3, 3, '89', 3, '2021-09-27 16:38:06'),
(1188, 99, 4, 3, '23', 2, '2021-09-27 16:38:06'),
(1189, 100, 1, 1, '98', 3, '2021-09-27 16:38:06'),
(1190, 100, 2, 1, '500', 4, '2021-09-27 16:38:06'),
(1191, 100, 3, 1, '90', 3, '2021-09-27 16:38:06'),
(1192, 100, 4, 1, '111', 4, '2021-09-27 16:38:06'),
(1193, 100, 1, 2, '400', 4, '2021-09-27 16:38:06'),
(1194, 100, 2, 2, '560', 5, '2021-09-27 16:38:06'),
(1195, 100, 3, 2, '34', 2, '2021-09-27 16:38:06'),
(1196, 100, 4, 2, '6000', 5, '2021-09-27 16:38:06'),
(1197, 100, 1, 3, '700', 5, '2021-09-27 16:38:06'),
(1198, 100, 2, 3, '555', 5, '2021-09-27 16:38:06'),
(1199, 100, 3, 3, '150', 4, '2021-09-27 16:38:06'),
(1200, 100, 4, 3, '212', 4, '2021-09-27 16:38:06'),
(1201, 101, 1, 1, '33', 2, '2021-09-27 16:38:06'),
(1202, 101, 2, 1, '555', 5, '2021-09-27 16:38:06'),
(1203, 101, 3, 1, '45', 2, '2021-09-27 16:38:06'),
(1204, 101, 4, 1, '45', 2, '2021-09-27 16:38:06'),
(1205, 101, 1, 2, '212', 4, '2021-09-27 16:38:06'),
(1206, 101, 2, 2, '89', 3, '2021-09-27 16:38:06'),
(1207, 101, 3, 2, '374', 4, '2021-09-27 16:38:06'),
(1208, 101, 4, 2, '999', 5, '2021-09-27 16:38:06'),
(1209, 101, 1, 3, '555', 5, '2021-09-27 16:38:06'),
(1210, 101, 2, 3, '888', 5, '2021-09-27 16:38:06'),
(1211, 101, 3, 3, '568', 5, '2021-09-27 16:38:06'),
(1212, 101, 4, 3, '21', 2, '2021-09-27 16:38:06'),
(1213, 102, 1, 1, '49', 2, '2021-09-27 16:38:06'),
(1214, 102, 2, 1, '6000', 5, '2021-09-27 16:38:06'),
(1215, 102, 3, 1, '45', 2, '2021-09-27 16:38:06'),
(1216, 102, 4, 1, '90', 3, '2021-09-27 16:38:06'),
(1217, 102, 1, 2, '98', 3, '2021-09-27 16:38:06'),
(1218, 102, 2, 2, '560', 5, '2021-09-27 16:38:06'),
(1219, 102, 3, 2, '374', 4, '2021-09-27 16:38:06'),
(1220, 102, 4, 2, '200', 4, '2021-09-27 16:38:06'),
(1221, 102, 1, 3, '1500', 5, '2021-09-27 16:38:06'),
(1222, 102, 2, 3, '700', 5, '2021-09-27 16:38:06'),
(1223, 102, 3, 3, '150', 4, '2021-09-27 16:38:06'),
(1224, 102, 4, 3, '90', 3, '2021-09-27 16:38:06'),
(1225, 103, 1, 1, '23', 2, '2021-09-27 16:38:06'),
(1226, 103, 2, 1, '200', 4, '2021-09-27 16:38:06'),
(1227, 103, 3, 1, '2', 1, '2021-09-27 16:38:06'),
(1228, 103, 4, 1, '98', 3, '2021-09-27 16:38:06'),
(1229, 103, 1, 2, '1500', 5, '2021-09-27 16:38:06'),
(1230, 103, 2, 2, '98', 3, '2021-09-27 16:38:06'),
(1231, 103, 3, 2, '111', 4, '2021-09-27 16:38:06'),
(1232, 103, 4, 2, '34', 2, '2021-09-27 16:38:06'),
(1233, 103, 1, 3, '1500', 5, '2021-09-27 16:38:06'),
(1234, 103, 2, 3, '250', 4, '2021-09-27 16:38:06'),
(1235, 103, 3, 3, '21', 2, '2021-09-27 16:38:06'),
(1236, 103, 4, 3, '89', 3, '2021-09-27 16:38:06'),
(1237, 104, 1, 1, '6000', 5, '2021-09-27 16:38:06'),
(1238, 104, 2, 1, '1500', 5, '2021-09-27 16:38:06'),
(1239, 104, 3, 1, '102', 4, '2021-09-27 16:38:06'),
(1240, 104, 4, 1, '2', 1, '2021-09-27 16:38:06'),
(1241, 104, 1, 2, '700', 5, '2021-09-27 16:38:06'),
(1242, 104, 2, 2, '200', 4, '2021-09-27 16:38:06'),
(1243, 104, 3, 2, '456', 4, '2021-09-27 16:38:06'),
(1244, 104, 4, 2, '500', 4, '2021-09-27 16:38:06'),
(1245, 104, 1, 3, '500', 4, '2021-09-27 16:38:06'),
(1246, 104, 2, 3, '200', 4, '2021-09-27 16:38:06'),
(1247, 104, 3, 3, '33', 2, '2021-09-27 16:38:06'),
(1248, 104, 4, 3, '888', 5, '2021-09-27 16:38:06'),
(1249, 105, 1, 1, '888', 5, '2021-09-27 16:38:06'),
(1250, 105, 2, 1, '1500', 5, '2021-09-27 16:38:06'),
(1251, 105, 3, 1, '45', 2, '2021-09-27 16:38:06'),
(1252, 105, 4, 1, '150', 4, '2021-09-27 16:38:06'),
(1253, 105, 1, 2, '999', 5, '2021-09-27 16:38:06'),
(1254, 105, 2, 2, '2', 1, '2021-09-27 16:38:06'),
(1255, 105, 3, 2, '21', 2, '2021-09-27 16:38:06'),
(1256, 105, 4, 2, '500', 4, '2021-09-27 16:38:06'),
(1257, 105, 1, 3, '38', 2, '2021-09-27 16:38:06'),
(1258, 105, 2, 3, '1002', 5, '2021-09-27 16:38:06'),
(1259, 105, 3, 3, '300', 4, '2021-09-27 16:38:06'),
(1260, 105, 4, 3, '374', 4, '2021-09-27 16:38:06'),
(1261, 106, 1, 1, '500', 4, '2021-09-27 16:38:06'),
(1262, 106, 2, 1, '48', 2, '2021-09-27 16:38:06'),
(1263, 106, 3, 1, '1002', 5, '2021-09-27 16:38:06'),
(1264, 106, 4, 1, '49', 2, '2021-09-27 16:38:06'),
(1265, 106, 1, 2, '98', 3, '2021-09-27 16:38:06'),
(1266, 106, 2, 2, '150', 4, '2021-09-27 16:38:06'),
(1267, 106, 3, 2, '500', 4, '2021-09-27 16:38:06'),
(1268, 106, 4, 2, '0', 1, '2021-09-27 16:38:06'),
(1269, 106, 1, 3, '90', 3, '2021-09-27 16:38:06'),
(1270, 106, 2, 3, '90', 3, '2021-09-27 16:38:06'),
(1271, 106, 3, 3, '700', 5, '2021-09-27 16:38:06'),
(1272, 106, 4, 3, '90', 3, '2021-09-27 16:38:06'),
(1273, 107, 1, 1, '888', 5, '2021-09-27 16:38:06'),
(1274, 107, 2, 1, '700', 5, '2021-09-27 16:38:06'),
(1275, 107, 3, 1, '150', 4, '2021-09-27 16:38:06'),
(1276, 107, 4, 1, '456', 4, '2021-09-27 16:38:06'),
(1277, 107, 1, 2, '456', 4, '2021-09-27 16:38:06'),
(1278, 107, 2, 2, '888', 5, '2021-09-27 16:38:06'),
(1279, 107, 3, 2, '49', 2, '2021-09-27 16:38:06'),
(1280, 107, 4, 2, '1002', 5, '2021-09-27 16:38:06'),
(1281, 107, 1, 3, '888', 5, '2021-09-27 16:38:06'),
(1282, 107, 2, 3, '102', 4, '2021-09-27 16:38:06'),
(1283, 107, 3, 3, '2', 1, '2021-09-27 16:38:06'),
(1284, 107, 4, 3, '23', 2, '2021-09-27 16:38:06'),
(1285, 108, 1, 1, '500', 4, '2021-09-27 16:38:06'),
(1286, 108, 2, 1, '456', 4, '2021-09-27 16:38:06'),
(1287, 108, 3, 1, '21', 2, '2021-09-27 16:38:06'),
(1288, 108, 4, 1, '34', 2, '2021-09-27 16:38:06'),
(1289, 108, 1, 2, '479', 4, '2021-09-27 16:38:06'),
(1290, 108, 2, 2, '200', 4, '2021-09-27 16:38:06'),
(1291, 108, 3, 2, '560', 5, '2021-09-27 16:38:06'),
(1292, 108, 4, 2, '98', 3, '2021-09-27 16:38:06'),
(1293, 108, 1, 3, '0', 1, '2021-09-27 16:38:06'),
(1294, 108, 2, 3, '212', 4, '2021-09-27 16:38:06'),
(1295, 108, 3, 3, '98', 3, '2021-09-27 16:38:06'),
(1296, 108, 4, 3, '400', 4, '2021-09-27 16:38:06'),
(1297, 109, 1, 1, '49', 2, '2021-09-27 16:38:06'),
(1298, 109, 2, 1, '33', 2, '2021-09-27 16:38:06'),
(1299, 109, 3, 1, '2', 1, '2021-09-27 16:38:06'),
(1300, 109, 4, 1, '1500', 5, '2021-09-27 16:38:06'),
(1301, 109, 1, 2, '374', 4, '2021-09-27 16:38:06'),
(1302, 109, 2, 2, '102', 4, '2021-09-27 16:38:06'),
(1303, 109, 3, 2, '150', 4, '2021-09-27 16:38:06'),
(1304, 109, 4, 2, '479', 4, '2021-09-27 16:38:06'),
(1305, 109, 1, 3, '2', 1, '2021-09-27 16:38:06'),
(1306, 109, 2, 3, '150', 4, '2021-09-27 16:38:06'),
(1307, 109, 3, 3, '111', 4, '2021-09-27 16:38:06'),
(1308, 109, 4, 3, '2', 1, '2021-09-27 16:38:06'),
(1309, 110, 1, 1, '6000', 5, '2021-09-27 16:38:06'),
(1310, 110, 2, 1, '90', 3, '2021-09-27 16:38:06'),
(1311, 110, 3, 1, '6000', 5, '2021-09-27 16:38:06'),
(1312, 110, 4, 1, '150', 4, '2021-09-27 16:38:06'),
(1313, 110, 1, 2, '456', 4, '2021-09-27 16:38:06'),
(1314, 110, 2, 2, '2', 1, '2021-09-27 16:38:06'),
(1315, 110, 3, 2, '555', 5, '2021-09-27 16:38:06'),
(1316, 110, 4, 2, '212', 4, '2021-09-27 16:38:06'),
(1317, 110, 1, 3, '102', 4, '2021-09-27 16:38:06'),
(1318, 110, 2, 3, '150', 4, '2021-09-27 16:38:06'),
(1319, 110, 3, 3, '250', 4, '2021-09-27 16:38:06'),
(1320, 110, 4, 3, '212', 4, '2021-09-27 16:38:06'),
(1321, 111, 1, 1, '90', 3, '2021-09-27 16:38:06'),
(1322, 111, 2, 1, '45', 2, '2021-09-27 16:38:06'),
(1323, 111, 3, 1, '2', 1, '2021-09-27 16:38:06'),
(1324, 111, 4, 1, '212', 4, '2021-09-27 16:38:06'),
(1325, 111, 1, 2, '888', 5, '2021-09-27 16:38:06'),
(1326, 111, 2, 2, '98', 3, '2021-09-27 16:38:06'),
(1327, 111, 3, 2, '100', 3, '2021-09-27 16:38:06'),
(1328, 111, 4, 2, '0', 1, '2021-09-27 16:38:06'),
(1329, 111, 1, 3, '700', 5, '2021-09-27 16:38:06'),
(1330, 111, 2, 3, '500', 4, '2021-09-27 16:38:06'),
(1331, 111, 3, 3, '150', 4, '2021-09-27 16:38:06'),
(1332, 111, 4, 3, '48', 2, '2021-09-27 16:38:06'),
(1333, 112, 1, 1, '560', 5, '2021-09-27 16:38:06'),
(1334, 112, 2, 1, '300', 4, '2021-09-27 16:38:06'),
(1335, 112, 3, 1, '374', 4, '2021-09-27 16:38:06'),
(1336, 112, 4, 1, '98', 3, '2021-09-27 16:38:06'),
(1337, 112, 1, 2, '500', 4, '2021-09-27 16:38:06'),
(1338, 112, 2, 2, '1002', 5, '2021-09-27 16:38:06'),
(1339, 112, 3, 2, '34', 2, '2021-09-27 16:38:06'),
(1340, 112, 4, 2, '111', 4, '2021-09-27 16:38:06'),
(1341, 112, 1, 3, '150', 4, '2021-09-27 16:38:06'),
(1342, 112, 2, 3, '100', 3, '2021-09-27 16:38:06'),
(1343, 112, 3, 3, '150', 4, '2021-09-27 16:38:06'),
(1344, 112, 4, 3, '90', 3, '2021-09-27 16:38:06'),
(1345, 113, 1, 1, '456', 4, '2021-09-27 16:38:06'),
(1346, 113, 2, 1, '888', 5, '2021-09-27 16:38:06'),
(1347, 113, 3, 1, '98', 3, '2021-09-27 16:38:06'),
(1348, 113, 4, 1, '560', 5, '2021-09-27 16:38:06'),
(1349, 113, 1, 2, '45', 2, '2021-09-27 16:38:06'),
(1350, 113, 2, 2, '200', 4, '2021-09-27 16:38:06'),
(1351, 113, 3, 2, '21', 2, '2021-09-27 16:38:06'),
(1352, 113, 4, 2, '89', 3, '2021-09-27 16:38:06'),
(1353, 113, 1, 3, '300', 4, '2021-09-27 16:38:06'),
(1354, 113, 2, 3, '888', 5, '2021-09-27 16:38:06'),
(1355, 113, 3, 3, '500', 4, '2021-09-27 16:38:06'),
(1356, 113, 4, 3, '6000', 5, '2021-09-27 16:38:06'),
(1357, 114, 1, 1, '23', 2, '2021-09-27 16:38:06'),
(1358, 114, 2, 1, '888', 5, '2021-09-27 16:38:06'),
(1359, 114, 3, 1, '100', 3, '2021-09-27 16:38:06'),
(1360, 114, 4, 1, '700', 5, '2021-09-27 16:38:06'),
(1361, 114, 1, 2, '212', 4, '2021-09-27 16:38:06'),
(1362, 114, 2, 2, '212', 4, '2021-09-27 16:38:06'),
(1363, 114, 3, 2, '1500', 5, '2021-09-27 16:38:06'),
(1364, 114, 4, 2, '2', 1, '2021-09-27 16:38:06'),
(1365, 114, 1, 3, '49', 2, '2021-09-27 16:38:06'),
(1366, 114, 2, 3, '150', 4, '2021-09-27 16:38:06'),
(1367, 114, 3, 3, '111', 4, '2021-09-27 16:38:06'),
(1368, 114, 4, 3, '300', 4, '2021-09-27 16:38:06'),
(1369, 115, 1, 1, '45', 2, '2021-09-27 16:38:06'),
(1370, 115, 2, 1, '102', 4, '2021-09-27 16:38:06'),
(1371, 115, 3, 1, '500', 4, '2021-09-27 16:38:06'),
(1372, 115, 4, 1, '700', 5, '2021-09-27 16:38:06'),
(1373, 115, 1, 2, '45', 2, '2021-09-27 16:38:06'),
(1374, 115, 2, 2, '212', 4, '2021-09-27 16:38:06'),
(1375, 115, 3, 2, '100', 3, '2021-09-27 16:38:06'),
(1376, 115, 4, 2, '34', 2, '2021-09-27 16:38:06'),
(1377, 115, 1, 3, '150', 4, '2021-09-27 16:38:06'),
(1378, 115, 2, 3, '6000', 5, '2021-09-27 16:38:06'),
(1379, 115, 3, 3, '100', 3, '2021-09-27 16:38:06'),
(1380, 115, 4, 3, '500', 4, '2021-09-27 16:38:06'),
(1381, 116, 1, 1, '560', 5, '2021-09-27 16:38:06'),
(1382, 116, 2, 1, '250', 4, '2021-09-27 16:38:06'),
(1383, 116, 3, 1, '90', 3, '2021-09-27 16:38:06'),
(1384, 116, 4, 1, '34', 2, '2021-09-27 16:38:06'),
(1385, 116, 1, 2, '1002', 5, '2021-09-27 16:38:06'),
(1386, 116, 2, 2, '102', 4, '2021-09-27 16:38:06'),
(1387, 116, 3, 2, '38', 2, '2021-09-27 16:38:06'),
(1388, 116, 4, 2, '49', 2, '2021-09-27 16:38:06'),
(1389, 116, 1, 3, '21', 2, '2021-09-27 16:38:06'),
(1390, 116, 2, 3, '23', 2, '2021-09-27 16:38:06'),
(1391, 116, 3, 3, '111', 4, '2021-09-27 16:38:06'),
(1392, 116, 4, 3, '2', 1, '2021-09-27 16:38:06'),
(1393, 117, 1, 1, '300', 4, '2021-09-27 16:38:06'),
(1394, 117, 2, 1, '400', 4, '2021-09-27 16:38:06'),
(1395, 117, 3, 1, '200', 4, '2021-09-27 16:38:06'),
(1396, 117, 4, 1, '21', 2, '2021-09-27 16:38:06'),
(1397, 117, 1, 2, '100', 3, '2021-09-27 16:38:06'),
(1398, 117, 2, 2, '90', 3, '2021-09-27 16:38:06'),
(1399, 117, 3, 2, '555', 5, '2021-09-27 16:38:06'),
(1400, 117, 4, 2, '100', 3, '2021-09-27 16:38:06'),
(1401, 117, 1, 3, '999', 5, '2021-09-27 16:38:06'),
(1402, 117, 2, 3, '102', 4, '2021-09-27 16:38:06'),
(1403, 117, 3, 3, '212', 4, '2021-09-27 16:38:06'),
(1404, 117, 4, 3, '6000', 5, '2021-09-27 16:38:06'),
(1405, 118, 1, 1, '100', 3, '2021-09-27 16:38:06'),
(1406, 118, 2, 1, '21', 2, '2021-09-27 16:38:06'),
(1407, 118, 3, 1, '212', 4, '2021-09-27 16:38:06'),
(1408, 118, 4, 1, '89', 3, '2021-09-27 16:38:06'),
(1409, 118, 1, 2, '23', 2, '2021-09-27 16:38:06'),
(1410, 118, 2, 2, '0', 1, '2021-09-27 16:38:06'),
(1411, 118, 3, 2, '33', 2, '2021-09-27 16:38:06'),
(1412, 118, 4, 2, '200', 4, '2021-09-27 16:38:06'),
(1413, 118, 1, 3, '33', 2, '2021-09-27 16:38:06'),
(1414, 118, 2, 3, '2', 1, '2021-09-27 16:38:06'),
(1415, 118, 3, 3, '999', 5, '2021-09-27 16:38:06'),
(1416, 118, 4, 3, '560', 5, '2021-09-27 16:38:06'),
(1417, 119, 1, 1, '400', 4, '2021-09-27 16:38:06'),
(1418, 119, 2, 1, '1002', 5, '2021-09-27 16:38:06'),
(1419, 119, 3, 1, '23', 2, '2021-09-27 16:38:06'),
(1420, 119, 4, 1, '250', 4, '2021-09-27 16:38:06'),
(1421, 119, 1, 2, '0', 1, '2021-09-27 16:38:06'),
(1422, 119, 2, 2, '456', 4, '2021-09-27 16:38:06'),
(1423, 119, 3, 2, '2', 1, '2021-09-27 16:38:06'),
(1424, 119, 4, 2, '2', 1, '2021-09-27 16:38:06'),
(1425, 119, 1, 3, '888', 5, '2021-09-27 16:38:06'),
(1426, 119, 2, 3, '555', 5, '2021-09-27 16:38:06'),
(1427, 119, 3, 3, '98', 3, '2021-09-27 16:38:06'),
(1428, 119, 4, 3, '6000', 5, '2021-09-27 16:38:06'),
(1429, 120, 1, 1, '1500', 5, '2021-09-27 16:38:06'),
(1430, 120, 2, 1, '200', 4, '2021-09-27 16:38:06'),
(1431, 120, 3, 1, '1500', 5, '2021-09-27 16:38:06'),
(1432, 120, 4, 1, '111', 4, '2021-09-27 16:38:06'),
(1433, 120, 1, 2, '400', 4, '2021-09-27 16:38:06'),
(1434, 120, 2, 2, '479', 4, '2021-09-27 16:38:06'),
(1435, 120, 3, 2, '100', 3, '2021-09-27 16:38:06'),
(1436, 120, 4, 2, '150', 4, '2021-09-27 16:38:06'),
(1437, 120, 1, 3, '212', 4, '2021-09-27 16:38:06'),
(1438, 120, 2, 3, '100', 3, '2021-09-27 16:38:06'),
(1439, 120, 3, 3, '0', 1, '2021-09-27 16:38:06'),
(1440, 120, 4, 3, '21', 2, '2021-09-27 16:38:06'),
(1441, 121, 1, 1, '250', 4, '2021-09-27 16:38:06'),
(1442, 121, 2, 1, '500', 4, '2021-09-27 16:38:06'),
(1443, 121, 3, 1, '999', 5, '2021-09-27 16:38:06'),
(1444, 121, 4, 1, '212', 4, '2021-09-27 16:38:06'),
(1445, 121, 1, 2, '479', 4, '2021-09-27 16:38:06'),
(1446, 121, 2, 2, '456', 4, '2021-09-27 16:38:06'),
(1447, 121, 3, 2, '1002', 5, '2021-09-27 16:38:06'),
(1448, 121, 4, 2, '6000', 5, '2021-09-27 16:38:06'),
(1449, 121, 1, 3, '555', 5, '2021-09-27 16:38:06'),
(1450, 121, 2, 3, '999', 5, '2021-09-27 16:38:06'),
(1451, 121, 3, 3, '1002', 5, '2021-09-27 16:38:06'),
(1452, 121, 4, 3, '2', 1, '2021-09-27 16:38:06'),
(1453, 122, 1, 1, '49', 2, '2021-09-27 16:38:06'),
(1454, 122, 2, 1, '45', 2, '2021-09-27 16:38:06'),
(1455, 122, 3, 1, '479', 4, '2021-09-27 16:38:06'),
(1456, 122, 4, 1, '0', 1, '2021-09-27 16:38:06'),
(1457, 122, 1, 2, '45', 2, '2021-09-27 16:38:06'),
(1458, 122, 2, 2, '400', 4, '2021-09-27 16:38:06'),
(1459, 122, 3, 2, '6000', 5, '2021-09-27 16:38:06'),
(1460, 122, 4, 2, '200', 4, '2021-09-27 16:38:06'),
(1461, 122, 1, 3, '150', 4, '2021-09-27 16:38:06'),
(1462, 122, 2, 3, '98', 3, '2021-09-27 16:38:06'),
(1463, 122, 3, 3, '200', 4, '2021-09-27 16:38:06'),
(1464, 122, 4, 3, '888', 5, '2021-09-27 16:38:06'),
(1465, 123, 1, 1, '555', 5, '2021-09-27 16:38:06'),
(1466, 123, 2, 1, '479', 4, '2021-09-27 16:38:06'),
(1467, 123, 3, 1, '1500', 5, '2021-09-27 16:38:06'),
(1468, 123, 4, 1, '150', 4, '2021-09-27 16:38:06'),
(1469, 123, 1, 2, '23', 2, '2021-09-27 16:38:06'),
(1470, 123, 2, 2, '21', 2, '2021-09-27 16:38:06'),
(1471, 123, 3, 2, '400', 4, '2021-09-27 16:38:06'),
(1472, 123, 4, 2, '48', 2, '2021-09-27 16:38:06'),
(1473, 123, 1, 3, '700', 5, '2021-09-27 16:38:06'),
(1474, 123, 2, 3, '6000', 5, '2021-09-27 16:38:06'),
(1475, 123, 3, 3, '38', 2, '2021-09-27 16:38:06'),
(1476, 123, 4, 3, '250', 4, '2021-09-27 16:38:06'),
(1477, 124, 1, 1, '23', 2, '2021-09-27 16:38:06'),
(1478, 124, 2, 1, '500', 4, '2021-09-27 16:38:06'),
(1479, 124, 3, 1, '212', 4, '2021-09-27 16:38:06'),
(1480, 124, 4, 1, '45', 2, '2021-09-27 16:38:06'),
(1481, 124, 1, 2, '6000', 5, '2021-09-27 16:38:06'),
(1482, 124, 2, 2, '90', 3, '2021-09-27 16:38:06'),
(1483, 124, 3, 2, '568', 5, '2021-09-27 16:38:06'),
(1484, 124, 4, 2, '1500', 5, '2021-09-27 16:38:06'),
(1485, 124, 1, 3, '98', 3, '2021-09-27 16:38:06'),
(1486, 124, 2, 3, '555', 5, '2021-09-27 16:38:06'),
(1487, 124, 3, 3, '212', 4, '2021-09-27 16:38:06'),
(1488, 124, 4, 3, '500', 4, '2021-09-27 16:38:06');

-- --------------------------------------------------------

--
-- Table structure for table `weeks`
--

CREATE TABLE `weeks` (
  `week_id` int(11) UNSIGNED NOT NULL,
  `week_int` int(11) UNSIGNED NOT NULL,
  `week_description` varchar(20) NOT NULL
) ENGINE=MyISAM DEFAULT CHARSET=utf8;

--
-- Dumping data for table `weeks`
--

INSERT INTO `weeks` (`week_id`, `week_int`, `week_description`) VALUES
(1, 2, 'Second Week'),
(2, 1, 'First Week'),
(3, 4, 'Fourth Week'),
(4, 3, 'Third Week');

--
-- Indexes for dumped tables
--

--
-- Indexes for table `activities`
--
ALTER TABLE `activities`
  ADD PRIMARY KEY (`act_id`),
  ADD KEY `activities_act_week_foreign` (`act_week`),
  ADD KEY `activities_act_month_foreign` (`act_month`),
  ADD KEY `activities_act_requirement_foreign` (`act_requirement`);

--
-- Indexes for table `classifiers`
--
ALTER TABLE `classifiers`
  ADD PRIMARY KEY (`c_id`);

--
-- Indexes for table `districts`
--
ALTER TABLE `districts`
  ADD PRIMARY KEY (`district_id`),
  ADD KEY `districts_district_region_foreign` (`district_region`);

--
-- Indexes for table `migrations`
--
ALTER TABLE `migrations`
  ADD PRIMARY KEY (`id`);

--
-- Indexes for table `months`
--
ALTER TABLE `months`
  ADD PRIMARY KEY (`month_id`);

--
-- Indexes for table `regions`
--
ALTER TABLE `regions`
  ADD PRIMARY KEY (`region_id`);

--
-- Indexes for table `users`
--
ALTER TABLE `users`
  ADD PRIMARY KEY (`user_id`),
  ADD UNIQUE KEY `username` (`username`),
  ADD KEY `users_role_id_foreign` (`role_id`),
  ADD KEY `users_ward_foreign` (`ward`);

--
-- Indexes for table `user_roles`
--
ALTER TABLE `user_roles`
  ADD PRIMARY KEY (`role_id`);

--
-- Indexes for table `viswaswadu`
--
ALTER TABLE `viswaswadu`
  ADD PRIMARY KEY (`v_id`),
  ADD UNIQUE KEY `v_phone` (`v_phone`);

--
-- Indexes for table `wards`
--
ALTER TABLE `wards`
  ADD PRIMARY KEY (`ward_id`),
  ADD KEY `wards_ward_district_foreign` (`ward_district`);

--
-- Indexes for table `weeklyintensities`
--
ALTER TABLE `weeklyintensities`
  ADD PRIMARY KEY (`weekint_id`),
  ADD KEY `weeklyintensities_weekint_ward_foreign` (`weekint_ward`),
  ADD KEY `weeklyintensities_weekint_week_foreign` (`weekint_week`),
  ADD KEY `weeklyintensities_weekint_month_foreign` (`weekint_month`),
  ADD KEY `weeklyintensities_weekint_classifier_foreign` (`weekint_classifier`);

--
-- Indexes for table `weeks`
--
ALTER TABLE `weeks`
  ADD PRIMARY KEY (`week_id`);

--
-- AUTO_INCREMENT for dumped tables
--

--
-- AUTO_INCREMENT for table `activities`
--
ALTER TABLE `activities`
  MODIFY `act_id` int(11) UNSIGNED NOT NULL AUTO_INCREMENT, AUTO_INCREMENT=8;

--
-- AUTO_INCREMENT for table `classifiers`
--
ALTER TABLE `classifiers`
  MODIFY `c_id` int(11) UNSIGNED NOT NULL AUTO_INCREMENT, AUTO_INCREMENT=6;

--
-- AUTO_INCREMENT for table `districts`
--
ALTER TABLE `districts`
  MODIFY `district_id` int(11) UNSIGNED NOT NULL AUTO_INCREMENT, AUTO_INCREMENT=7;

--
-- AUTO_INCREMENT for table `migrations`
--
ALTER TABLE `migrations`
  MODIFY `id` bigint(20) UNSIGNED NOT NULL AUTO_INCREMENT, AUTO_INCREMENT=11;

--
-- AUTO_INCREMENT for table `months`
--
ALTER TABLE `months`
  MODIFY `month_id` int(11) UNSIGNED NOT NULL AUTO_INCREMENT, AUTO_INCREMENT=13;

--
-- AUTO_INCREMENT for table `regions`
--
ALTER TABLE `regions`
  MODIFY `region_id` int(11) UNSIGNED NOT NULL AUTO_INCREMENT, AUTO_INCREMENT=2;

--
-- AUTO_INCREMENT for table `users`
--
ALTER TABLE `users`
  MODIFY `user_id` int(11) UNSIGNED NOT NULL AUTO_INCREMENT, AUTO_INCREMENT=8;

--
-- AUTO_INCREMENT for table `user_roles`
--
ALTER TABLE `user_roles`
  MODIFY `role_id` int(11) UNSIGNED NOT NULL AUTO_INCREMENT, AUTO_INCREMENT=4;

--
-- AUTO_INCREMENT for table `viswaswadu`
--
ALTER TABLE `viswaswadu`
  MODIFY `v_id` int(10) UNSIGNED NOT NULL AUTO_INCREMENT, AUTO_INCREMENT=19;

--
-- AUTO_INCREMENT for table `wards`
--
ALTER TABLE `wards`
  MODIFY `ward_id` int(11) UNSIGNED NOT NULL AUTO_INCREMENT, AUTO_INCREMENT=125;

--
-- AUTO_INCREMENT for table `weeklyintensities`
--
ALTER TABLE `weeklyintensities`
  MODIFY `weekint_id` int(11) UNSIGNED NOT NULL AUTO_INCREMENT, AUTO_INCREMENT=1489;

--
-- AUTO_INCREMENT for table `weeks`
--
ALTER TABLE `weeks`
  MODIFY `week_id` int(11) UNSIGNED NOT NULL AUTO_INCREMENT, AUTO_INCREMENT=5;
COMMIT;

/*!40101 SET CHARACTER_SET_CLIENT=@OLD_CHARACTER_SET_CLIENT */;
/*!40101 SET CHARACTER_SET_RESULTS=@OLD_CHARACTER_SET_RESULTS */;
/*!40101 SET COLLATION_CONNECTION=@OLD_COLLATION_CONNECTION */;
